content_published_key,content_name,title,type,description,info_source,prompt_de_imagem,status,published_in,published_date,content_calendar_snapshot
content-published--0001,[NEGÓCIOS] Os Primeiros 90 Dias na Gestão de Negócios do Clube,Os Primeiros 90 Dias na Gestão de Negócios do Clube,NEGÓCIOS,"Assumir o departamento de Negócios de um clube de futebol é uma missão de altíssima pressão: você chega com patrocinadores exigindo entregas, jogos toda semana e a busca constante por receita imediata. Diferentemente do ambiente corporativo tradicional, no futebol, ""parar tudo"" para organizar a casa não é uma opção; é preciso estruturar e operar ao mesmo tempo, como ""trocar o pneu com o carro em movimento"".Neste episódio, mergulhamos no Plano Replicável de 90 Dias (12 semanas) que transforma um departamento reativo em um gestor da própria evolução, focado em método e dados",,,Publicado,"Spotify Brain Sports (Podcast), Medium Lucas Oaigen (Artigo), LinkedIn Lucas Oaigen (Post), Instagram Brain Sports (Post)",17/11/2025,"9,33,54,77"
content-published--0002,[OUTRO] Quem é a BrAIn Sports?,Quem é a BrAIn Sports?,OUTRO,"A BrAIn Sports é um hub de conteúdo esportivo que combina pesquisa séria, análise estruturada e inteligência artificial para explicar o esporte de um jeito simples, profundo e acessível. Neste episódio de abertura, apresentamos a visão por trás do projeto, por que ele existe, como funciona e o que você pode esperar dos nossos vídeos, textos e podcasts. Um espaço para quem gosta de entender o esporte além do placar, com conteúdo inteligente, humano e direto ao ponto.",,,Publicado,Spotify Brain Sports (Podcast),27/11/2025,10
content-published--0003,[GESTÃO] Fair Play Financeiro: o que muda no futebol brasileiro?,Fair Play Financeiro: o que muda no futebol brasileiro?,GESTÃO,"Um episódio rápido e direto explicando como funciona o novo Fair Play Financeiro da CBF. Você vai entender os pilares do sistema, o que será exigido dos clubes e como essas regras podem transformar a gestão do futebol brasileiro nos próximos anos. Tudo explicado de forma clara, objetiva e com apoio de IA.",,,Publicado,"Spotify Brain Sports (Podcast), Medium Lucas Oaigen (Artigo), LinkedIn Lucas Oaigen (Post), Instagram Brain Sports (Post)",27/11/2025,"11,34,55,78"
content-published--0004,[GESTÃO] Gestão de Clubes em 2026: O Que Realmente Importa na Prática,Gestão de Clubes em 2026: O Que Realmente Importa na Prática,GESTÃO,"Um papo direto sobre o que realmente significa gerir um clube moderno, seus desafios e responsabilidades.",,"Modern editorial cover, abstract football strategy lines, clean dark background, green accents, no faces, title included.",Planejado,,1/6/2026,
content-published--0005,[GESTÃO] Clube Como Startup: Por Que o Esporte Precisa Pensar Como Tech,Clube Como Startup: Por Que o Esporte Precisa Pensar Como Tech,GESTÃO,"Neste episódio, mostramos por que mentalidade de produto, dados e ciclos ágeis deixaram de ser “coisa de startup” e viraram vantagem competitiva para clubes, federações e ligas que querem sobreviver num mercado cada vez mais profissional.",,"Minimalist tech-sports fusion, neural network lines blending with football pitch geometry, dark blue, neon green highlights.",Planejado,,1/6/2026,
content-published--0006,"[GESTÃO] Os 4 Pilares de um Clube Moderno: Esporte, Negócios, Comunidade e Tecnologia","Os 4 Pilares de um Clube Moderno: Esporte, Negócios, Comunidade e Tecnologia",GESTÃO,"Um framework simples para enxergar o clube como sistema: futebol, negócios, comunidade e tecnologia. Explicamos o papel de cada pilar, como eles se conectam e por que ignorar um deles quase sempre cobra a conta no campo e no caixa.",,"Infographic-style cover with four abstract pillars, football geometric texture, dark clean background.",Planejado,,1/6/2026,
content-published--0007,[GESTÃO] Como Montar uma Área de Negócios que Gera Receita em 90 Dias,Como Montar uma Área de Negócios que Gera Receita em 90 Dias,GESTÃO,"Um passo a passo pragmático para estruturar a área de negócios: pessoas, processos, funil comercial, patrocínios, relacionamento B2B e governança. Foco em resultado rápido sem perder visão de longo prazo.",,Business-sports fusion with organizational chart abstract shapes and football lines.,Planejado,,1/6/2026,
content-published--0008,[GESTÃO] Growth no Futebol: Como Escalar Receita Sem Trair a Identidade do Clube,Growth no Futebol: Como Escalar Receita Sem Trair a Identidade do Clube,GESTÃO,"Como aplicar conceitos de growth no futebol para aumentar sócios, receita de matchday e patrocínios sem transformar o clube em um produto genérico. Falamos de testes, métricas e limites saudáveis de crescimento.",,"Abstract growth arrow over football geometry, neon accents, minimal style.",Planejado,,26/3/2026,
content-published--0009,[GESTÃO] Governança no Futebol: Do “Apaga Incêndio” ao Mínimo de Ordem,Governança no Futebol: Do “Apaga Incêndio” ao Mínimo de Ordem,GESTÃO,"Por que governança não é burocracia, e sim um escudo contra decisões ruins. Discutimos conselhos, comitês, papéis e responsabilidades, além de exemplos de boas práticas que cabem em clubes de diferentes portes.",,"Clean governance artwork, blocks representing structure, subtle field lines.",Planejado,,23/3/2026,
content-published--0010,[GESTÃO] SAF na Prática: O Que Muda Dentro do Clube Depois da Transformação,SAF na Prática: O Que Muda Dentro do Clube Depois da Transformação,GESTÃO,"Muito se fala de SAF como modelo jurídico e financeiro, mas o que muda no dia a dia de quem trabalha no clube? Falamos de governança, cobrança por resultado, profissionalização e conflitos inevitáveis dessa transição.",,"Corporate-football fusion with ownership layers in geometric style, dark palette.",Planejado,Instagram Brain Sports (Video Curto),1/6/2026,123
content-published--0011,[GESTÃO] Como Tirar o Planejamento do Papel no Futebol,Como Tirar o Planejamento do Papel no Futebol,GESTÃO,"Planejamento bonito em apresentação todo mundo tem. O episódio mostra como transformar estratégia em rotina: mapa de performance, KPIs, rituais de acompanhamento e correção de rota ao longo da temporada.",,"Strategic map abstract blocks with football textures, green detail.",Planejado,,1/6/2026,
content-published--0012,"[GESTÃO] O ""Camisa 10"" Invisível: Por que a Gestão de Pessoas é o um dos Maiores Desafios do Futebol Brasileiro","O ""Camisa 10"" Invisível: Por que a Gestão de Pessoas é o um dos Maiores Desafios do Futebol Brasileiro",GESTÃO,"Mais do que processos, o que segura um clube de pé é gente. Como liderar em contexto de alta pressão, lidar com conflitos, alinhar expectativas e construir confiança entre diretoria, staff, atletas e torcida.",,Soft editorial human silhouettes in geometric style over subtle sports shapes.,Publicado,"Medium Lucas Oaigen (Artigo), LinkedIn Lucas Oaigen (Post), Spotify Brain Sports (Podcast), Instagram Brain Sports (Post)",24/2/2026,"159,160,161,162"
content-published--0013,[MARKETING] Marca Forte de Clube: Como Sair do Lugar-Comum,Marca Forte de Clube: Como Sair do Lugar-Comum,MARKETING,"O que diferencia uma marca de clube forte de um escudo bonito. Falamos de identidade, narrativa, posicionamento e consistência em todos os pontos de contato com torcedores, mídia e mercado.",,Bold minimalist typography over football geometric background with green accents.,Planejado,,9/4/2026,
content-published--0014,[MARKETING] Matchday Inteligente: Como Transformar Jogo em Experiência que Gera Receita,Matchday Inteligente: Como Transformar Jogo em Experiência que Gera Receita,MARKETING,"Jogo em casa não precisa ser só 90 minutos de bola rolando. Como pensar ativações, serviços, comunicação e experiências que façam o torcedor querer voltar e gastar mais, sem virar parque temático vazio.",,Minimal stadium geometry with LED green accents.,Planejado,,23/3/2026,
content-published--0015,[MARKETING] Fan Engagement Sem Mágica: O Que Realmente Funciona,Fan Engagement Sem Mágica: O Que Realmente Funciona,MARKETING,"Uma visão honesta sobre fan engagement: o que é buzz passageiro, o que gera relacionamento de longo prazo e como medir o impacto real das ações no comportamento do torcedor e na receita do clube.",,"Abstract fan silhouettes made of geometric lines, dynamic style.",Planejado,,6/4/2026,
content-published--0016,[MARKETING] Camisa de Futebol Como Ativo Bilionário: Muito Além do Uniforme,Camisa de Futebol Como Ativo Bilionário: Muito Além do Uniforme,MARKETING,"A camisa como ativo de marca, produto de desejo e plataforma de patrocínio. Discutimos design, narrativa, collabs, licenciamento e o que aprender com clubes que transformam camisa em máquina de receita.",,Minimal jersey abstract design with geometric shapes and neon edge.,Planejado,,26/3/2026,
content-published--0017,[MARKETING] Mascote Não é Só Brincadeira: Como Virar Ativo de Marca e Negócio,Mascote Não é Só Brincadeira: Como Virar Ativo de Marca e Negócio,MARKETING,"Um episódio sobre mascotes como ferramenta de relacionamento com crianças, famílias e patrocinadores. Como posicionar, usar em campanhas e transformar em personagem que agrega valor à marca.",,"Playful abstract mascot silhouette, clean editorial aesthetic.",Planejado,,13/4/2026,
content-published--0018,[NEGÓCIOS] Patrocínio Esportivo: Do Modelo de Tabela à Engenharia de Soluções de Negócio,Patrocínio Esportivo: Do Modelo de Tabela à Engenharia de Soluções de Negócio,NEGÓCIOS,"Como sair da lógica de “logo em camisa por X reais” e construir propostas de patrocínio baseadas em objetivos de marca, público, dados e entregas claras. Um guia para profissionalizar o discurso comercial do clube.",,"Handshake abstract shapes with football lines, clean executive design.",Publicado,"Medium Lucas Oaigen (Artigo), Instagram Brain Sports (Post), Instagram Lucas Oaigen (Story), Spotify Brain Sports (Podcast), LinkedIn Lucas Oaigen (Post)",19/1/2026,"121,134,135,136,137"
content-published--0019,[NEGÓCIOS] Quanto Vale o Seu Patrocínio de Verdade?,Quanto Vale o Seu Patrocínio de Verdade?,NEGÓCIOS,"Episódio sobre a lógica de precificação de ativos: exposição, audiência, contexto, performance digital e intangíveis. Como fugir do chute, usar benchmarking e defender valor na mesa de negociação.",,Valuation chart abstract with football texture overlay.,Planejado,,12/3/2026,
content-published--0020,[NEGÓCIOS] Dentro da Cabeça do Patrocinador: Como Ele Decide Investir em um Clube,Dentro da Cabeça do Patrocinador: Como Ele Decide Investir em um Clube,NEGÓCIOS,"Em vez de só reclamar que “ninguém quer investir”, entendemos o lado das marcas. Quais riscos elas veem, o que pesa na decisão, como elas medem retorno e que tipo de proposta costuma chamar atenção.",,Minimal icons representing brands over football geometry.,Planejado,,12/3/2026,
content-published--0021,[NEGÓCIOS] O Lado B2B do Futebol: Como Usar o Clube para Gerar Negócios Entre Empresas,O Lado B2B do Futebol: Como Usar o Clube para Gerar Negócios Entre Empresas,NEGÓCIOS,"O clube como plataforma de relacionamento B2B: eventos, camarotes, conteúdo e conexões. Como estruturar esse tipo de entrega para patrocinadores e transformar relacionamento em pipeline de negócios.",,Business network geometric lines connected to pitch shapes.,Planejado,,16/3/2026,
content-published--0022,[NEGÓCIOS] Patrocínio na Base: Por Que as Marcas Deveriam Olhar para Categorias de Formação,Patrocínio na Base: Por Que as Marcas Deveriam Olhar para Categorias de Formação,NEGÓCIOS,"Falamos da base como vitrine, laboratório de conteúdo e território de propósito. Como estruturar propostas, tipos de marcas que fazem sentido e cuidados para não transformar o projeto em mera exposição de logo.",,Youth football abstract with modern digital textures.,Planejado,,30/3/2026,
content-published--0023,"[NEGÓCIOS] Naming Rights não salvam clubes. Mas sem eles, muitos ficam para trás.","Naming Rights não salvam clubes. Mas sem eles, muitos ficam para trás.",NEGÓCIOS,"Episódio sobre o que faz um projeto de naming rights funcionar: visibilidade, ativação, contrato, riscos de imagem e a diferença entre “vender um nome” e criar um ativo conjunto com o patrocinador.",https://docs.google.com/document/d/1AnqAzTcjsFq5VAUASHJ6j63oeYTEWgTOzLBI8arceLg/edit?tab=t.0 https://docs.google.com/document/d/1qNHc0OaZj0dPlBKp55v05SRXLAyMq6sMCvFOf6nBMS8/edit?tab=t.0,Stadium outline minimal with elegant typography placeholder.,Publicado,"Spotify Brain Sports (Podcast), Medium Lucas Oaigen (Artigo), LinkedIn Lucas Oaigen (Post), Instagram Brain Sports (Post)",29/12/2025,"12,35,56,79"
content-published--0024,[NEGÓCIOS] Patrocínio Digital: O Ativo Mais Subestimado do Clube,Patrocínio Digital: O Ativo Mais Subestimado do Clube,NEGÓCIOS,"Como transformar redes sociais, apps, streaming e conteúdos digitais em ativos comerciais estruturados, com métricas, formatos e entregas claras para marcas que querem performance, não só visibilidade.",,"Digital particles flowing over football geometry, neon.",Planejado,,9/3/2026,
content-published--0025,[FUTEBOL] Futebol Feminino Como Motor de Crescimento do Clube,Futebol Feminino Como Motor de Crescimento do Clube,FUTEBOL,"Muito além da pauta social, o futebol feminino como vetor de expansão de marca, novos públicos, receita e inovação. Discutimos caminhos, armadilhas e exemplos de quem está fazendo bem.",,Feminine silhouette merged with football geometry.,Planejado,,1/6/2026,
content-published--0026,[GESTÃO] Subir ou Cair: A Matemática que Pode Salvar ou Quebrar um Clube,Subir ou Cair: A Matemática que Pode Salvar ou Quebrar um Clube,GESTÃO,"O impacto financeiro real de acesso e descenso. Falamos de premiações, cota de TV, patrocinadores, folha salarial e por que alguns clubes sobem e desmoronam, enquanto outros caem e se reorganizam.",,Staircase geometric pattern over pitch layout.,Planejado,,1/6/2026,
content-published--0027,[NEGÓCIOS] Comunicação de Clube: Por Que é Tão Ruim e Como Consertar,Comunicação de Clube: Por Que é Tão Ruim e Como Consertar,NEGÓCIOS,"Uma análise sincera da comunicação no futebol: amadorismo, ruído político, falta de estratégia e visão de longo prazo. Trazemos caminhos práticos para estruturar narrativa e processos de comunicação.",,Broken communication icons over subtle pitch geometry.,Planejado,,26/3/2026,
content-published--0028,[TECNOLOGIA] IA no Futebol Hoje: Onde Ela Já Está Sem Você Perceber,IA no Futebol Hoje: Onde Ela Já Está Sem Você Perceber,TECNOLOGIA,"Um giro pelos bastidores do uso de IA no futebol: análise de desempenho, scouting, gestão de elenco, relacionamento com torcedores e operação de dia de jogo. Casos concretos e tendências.",,"Neural network merging with football textures, dark neon.",Planejado,,1/6/2026,
content-published--0029,[TECNOLOGIA] Clube Data-Driven: Como Virar uma Empresa de Dados,Clube Data-Driven: Como Virar uma Empresa de Dados,TECNOLOGIA,"O que significa, na prática, ser um clube orientado a dados. Falamos de CRM, BI, governança, cultura interna e como começar mesmo com estrutura pequena.",,Abstract data grid with football texture embedded.,Planejado,,12/3/2026,
content-published--0030,[TECNOLOGIA] IA Generativa no Futebol: Do Conteúdo à Tomada de Decisão,IA Generativa no Futebol: Do Conteúdo à Tomada de Decisão,TECNOLOGIA,"Como IA generativa já está mudando produção de conteúdo, atendimento, estudo de adversários, relatórios e suporte à decisão executiva. Exemplos práticos e cuidados éticos.",,Large abstract brain in geometric neon lines.,Planejado,,1/6/2026,
content-published--0031,[TECNOLOGIA] Por Que Tanta Gente no Futebol Ainda Tem Medo de Tecnologia,Por Que Tanta Gente no Futebol Ainda Tem Medo de Tecnologia,TECNOLOGIA,"Um episódio sobre cultura, ego, insegurança e desconhecimento. Por que tanta gente resiste a tecnologia e como criar pontes para implementar soluções sem romper relações.",,Tech vs sports friction in minimalist abstract form.,Planejado,,1/6/2026,
content-published--0032,[TECNOLOGIA] Departamento de Análise 2.0: Como Vai Ser o Próximo Passo,Departamento de Análise 2.0: Como Vai Ser o Próximo Passo,TECNOLOGIA,"A evolução dos departamentos de análise: do cortes de vídeo isolados para hubs integrados de informação. Falamos de perfil de equipe, ferramentas, processos e relacionamento com comissão técnica.",,Analytics dashboard abstract in football layout.,Planejado,,1/6/2026,
content-published--0033,[TECNOLOGIA] IA Humanizando Cada Passo do Torcedor,IA Humanizando Cada Passo do Torcedor,TECNOLOGIA,"A relação entre clubes e torcedores está passando por uma transformação silenciosa, profunda e irreversível. Neste episódio, exploramos como a Inteligência Artificial está deixando de ser apenas uma ferramenta técnica nos bastidores e se tornando o novo alicerce da experiência do fã moderno. Por décadas, o relacionamento no futebol foi marcado por campanhas massivas, mensagens genéricas e comunicação padronizada. Funcionava, mas não encantava. Hoje, graças à IA conversacional e aos modelos de linguagem, clubes começam a construir diálogos reais, compreender intenções, antecipar necessidades e entregar experiências personalizadas em escala. É uma mudança estrutural, que redefine não só a jornada do torcedor, mas o papel dos clubes na vida das pessoas. Ao longo do episódio, apresento um caso exemplar: João, um torcedor comum que, graças à integração entre dados, automação e inteligência, vive uma jornada totalmente personalizada — do convite para o jogo ao pós-partida. A IA reconhece padrões, identifica oportunidades, remove barreiras e transforma uma simples ida ao estádio em um momento memorável com sua filha. Esse é o poder da tecnologia quando aplicada com sensibilidade. Discutimos também os benefícios concretos desse novo modelo: aumento de engajamento, novas receitas, previsibilidade operacional, relacionamento contínuo e fortalecimento da identidade emocional do torcedor. E vamos além, olhando para o futuro que já desponta. Um futuro onde cada fã terá um assistente autônomo que organiza sua rotina esportiva, onde os estádios se adaptam em tempo real ao comportamento das pessoas, onde os patrocinadores entregam ofertas realmente relevantes, e onde a IA entende não apenas o que o torcedor faz — mas como ele sente. Mais do que tecnologia, estamos falando de proximidade. De devolver ao futebol aquilo que sempre o tornou único: a conexão humana. Se você trabalha no esporte, lidera projetos digitais ou simplesmente acredita no potencial da inovação para transformar experiências, este episódio é para você. A IA não veio para substituir a paixão. Veio para ampliá-la. Prepare-se para enxergar o relacionamento com o torcedor sob uma nova perspectiva — mais inteligente, mais emocional e profundamente humana.",,"Crie uma capa profissional para um podcast sobre a transformação da fan experience no futebol através da inteligência artificial. A arte deve transmitir inovação, tecnologia e emoção esportiva ao mesmo tempo. Use um estilo moderno, clean e executivo. Elementos visuais desejados: Um estádio de futebol estilizado ao fundo, com iluminação dramática. Elementos visuais de IA: circuitos, hologramas, padrões neurais, conexões digitais ou luzes fluindo. Um smartphone exibindo uma conversa entre clube e torcedor, simbolizando IA conversacional. Torcedor em silhueta ou estilo minimalista, representando a jornada do fã. Paleta de cores moderna: azul escuro, preto, verde brilhante ou azul neon como destaque tecnológico. Título do podcast (placeholder): “A Nova Fan Experience Inteligente” Estética geral futurista, sofisticada e de alto padrão, com foco em clareza e impacto visual. Instruções adicionais: Layout quadrado (formato típico de capa de podcast). Tipografia limpa, forte e legível mesmo em tamanhos pequenos. Evite excesso de elementos; priorize equilíbrio entre futebol e tecnologia. Atmosfera que combine emoção do esporte com precisão da IA.",Publicado,"Spotify Brain Sports (Podcast), Medium Lucas Oaigen (Artigo), LinkedIn Lucas Oaigen (Post), Instagram Brain Sports (Post)",8/12/2025,"13,36,57,80"
content-published--0034,[TECNOLOGIA] Ecossistema de Inovação no Clube: Como Não Virar Só Mais um Projeto Piloto,Ecossistema de Inovação no Clube: Como Não Virar Só Mais um Projeto Piloto,TECNOLOGIA,"Como estruturar um ecossistema de inovação com hubs, startups, universidades e parceiros sem cair na armadilha do “evento bonito sem continuidade”. Processos, critérios e governança.",,"Ecosystem nodes interlinked, sports background.",Planejado,,1/6/2026,
content-published--0035,[TECNOLOGIA] Clube Como Plataforma: Do Time ao Ecossistema de Serviços,Clube Como Plataforma: Do Time ao Ecossistema de Serviços,TECNOLOGIA,"O clube como plataforma que conecta torcedores, marcas, fornecedores, criadores e comunidade. Falamos de marketplace, serviços, dados e o que muda quando o clube se enxerga como plataforma, não só como time.",,Layered geometric blocks hovering over pitch graphics.,Planejado,,1/6/2026,
content-published--0036,[NEGÓCIOS] Sócio Gratuito Funciona? A Estratégia Freemium no Futebol,Sócio Gratuito Funciona? A Estratégia Freemium no Futebol,NEGÓCIOS,"Uma discussão sobre planos gratuitos de sócio-torcedor: prós, contras, formas de monetizar a base gratuita e como isso pode conviver com categorias pagas sem desvalorizar quem já contribui financeiramente.",https://chatgpt.com/s/dr_693eb5cd46b48191a1d6edce744775da https://docs.google.com/document/d/1K2I-_CaRlKgG6LQ41pwIQK75FunD_KbfVbKOtMNLNCo/edit?tab=t.0 https://docs.google.com/document/d/1fYnZJ6PBIKJYIaks_5WjjL9wJ67jnwxrhwSN6qq92EA/edit?tab=t.0,"Uma arte moderna e limpa representando o tema “Freemium no Futebol”. Fundo em tons escuros com elementos visuais de estádio, torcida e ícones digitais (como gráficos, celular e cartão de sócio). No centro, o título “Freemium no Futebol” em destaque, com subtítulo “Como gerar receita com torcedores gratuitos?”. Incluir ilustrações que remetam a engajamento digital, dados e paixão pelo clube. Estilo editorial profissional, ideal para redes sociais e Spotify.",Publicado,"Spotify Brain Sports (Podcast), Medium Lucas Oaigen (Artigo), LinkedIn Lucas Oaigen (Post), Instagram Brain Sports (Post)",22/12/2025,"14,37,58,81"
content-published--0037,[GESTÃO] Por que um clube de futebol deveria ter um PMO,Por que um clube de futebol deveria ter um PMO,GESTÃO,"Este episódio explora por que clubes de futebol, independentemente do tamanho, deveriam adotar um PMO como pilar de governança e eficiência. A partir de casos de FC Barcelona, Sporting CP, Real Madrid e Chicago Fire, mostramos como a gestão de projetos ajuda a transformar estratégia em execução, organizar prioridades, melhorar processos e gerar resultados concretos em infraestrutura, operações e receitas. Um guia direto e prático para quem quer entender como profissionalizar a gestão esportiva além do discurso.",,,Publicado,"Spotify Brain Sports (Podcast), Medium Lucas Oaigen (Artigo), LinkedIn Lucas Oaigen (Post), Instagram Brain Sports (Post)",30/11/2025,"15,38,59,82"
content-published--0038,[FUTEBOL] Brasileirão em Janeiro: Quem Sai na Frente e Quem Pode Quebrar Fisicamente,Brasileirão em Janeiro: Quem Sai na Frente e Quem Pode Quebrar Fisicamente,FUTEBOL,"A antecipação do Brasileirão muda completamente o jogo. Neste episódio, analisamos quais clubes chegam mais prontos por manterem a base, como a pré-temporada encurtada pode impactar desempenho, quais riscos reais de lesão se elevam no novo calendário e por que alguns elencos vão sentir o peso antes dos outros. Um debate direto, baseado em dados, fisiologia e planejamento esportivo, para entender quem larga melhor e quem pode pagar a conta cedo demais.",,,Planejado,,1/6/2026,
content-published--0039,[GESTÃO] Os Vencedores Invisíveis: Quem Entregou Mais do que o Orçamento Permitiria,Os Vencedores Invisíveis: Quem Entregou Mais do que o Orçamento Permitiria,GESTÃO,"Nem sempre o melhor início de temporada pertence aos clubes mais ricos. Aqui analisamos quem está performando acima do esperado em relação ao próprio orçamento, folha salarial e profundidade de elenco. Falamos de gestão eficiente, tomada de decisão, uso inteligente do elenco e sinais que indicam se essa performance pode se sustentar. Um episódio perfeito para separar mérito real de narrativa e enxergar valor onde o mercado muitas vezes não olha.",,,Planejado,,1/6/2026,
content-published--0040,[GESTÃO] Por Que Tantos Clubes Não Conseguem Tirar o Planejamento Estratégico do Papel?,Por Que Tantos Clubes Não Conseguem Tirar o Planejamento Estratégico do Papel?,GESTÃO,"Por que tantos clubes ainda não têm um plano estratégico funcionando de verdade? Depois de mais de duas décadas liderando organizações em diferentes setores, percebo algo em comum na maioria dos clubes com que tenho contato: a ausência de um planejamento estratégico que realmente funcione na prática. Independentemente do tamanho, todo clube pode (e deve) adotar uma gestão mais estratégica e adaptada à sua realidade. Não é sobre complexidade, é sobre método. E, na maioria dos casos, o que falta é uma estrutura clara, com processos simples e bem conectados. Foi com esse propósito que criei o Mapa de Performance Estratégica, um framework prático que organiza as áreas de Futebol, Negócios, Comunidade e Administração, conectando pilares, áreas, KPIs e projetos estratégicos. Ele foi feito para ser usado imediatamente, como ponto de partida para quem quer profissionalizar a gestão sem precisar começar do zero. Além disso, desenvolvi uma base com quase 1.000 KPIs reais, prontos para aplicação em clubes de diferentes portes e níveis de maturidade, servindo como referência para quem quer implementar um modelo de gestão mensurável e contínuo. Embora o material já seja bastante completo, reconheço que o Mapa está em constante evolução, especialmente quando adaptado à realidade de cada clube. É justamente essa capacidade de personalização que o torna mais útil e duradouro. A ideia é simples: planejar, executar e acompanhar resultados com consistência, transformando o planejamento em um sistema vivo de gestão e evolução permanente. Ficarei feliz em ouvir opiniões, trocar experiências e aprimorar esse modelo junto com outros profissionais e gestores esportivos. Se quiser conversar sobre o tema, é só me chamar ou deixar um comentário abaixo.",,,Publicado,"Spotify Brain Sports (Podcast), Medium Lucas Oaigen (Artigo), LinkedIn Lucas Oaigen (Post), Instagram Brain Sports (Post)",3/11/2025,"16,39,60,83"
content-published--0041,[NEGÓCIOS] Depois do Boom das Bets: Qual Será a Próxima Grande Fonte de Receita do Futebol?,Depois do Boom das Bets: Qual Será a Próxima Grande Fonte de Receita do Futebol?,NEGÓCIOS,"Nos últimos anos, o esporte brasileiro viveu uma verdadeira revolução no patrocínio. Depois dos bancos e fintechs, vieram as bets, que dominaram os uniformes, os painéis e até o vocabulário do torcedor. Mas a pergunta que me faço é: qual será a próxima onda? A minha aposta, com o perdão do trocadilho, é que ela virá das empresas de Inteligência Artificial voltadas ao consumidor final (B2C). Assistentes pessoais, plataformas de produtividade, tradutores instantâneos, copilotos de tarefas e todo tipo de IA que você, eu e milhões de pessoas vão usar no dia a dia. Essas empresas vivem hoje um cenário muito parecido com o das apostas há 5 anos: competição altíssima, crescimento exponencial e necessidade urgente de visibilidade. E, assim como as bets, vão precisar de um palco de massa para se consolidar. O esporte é esse palco. É onde a marca ganha emoção, narrativa e pertencimento. E num mercado onde todo mundo promete a “melhor IA”, será o branding emocional, não só a tecnologia, que vai definir quem se tornará o “ChatGPT do público comum”. Já vemos sinais disso lá fora: - O Google Cloud é “patrocinador oficial de IA” da MLB; - A Intel levou o título de “plataforma de IA oficial” das Olimpíadas de Paris; - A Microsoft e a OpenAI estão começando a aparecer em acordos esportivos de visibilidade global; - E startups como a Perplexity já patrocinam treinadores e eventos nos EUA. Enquanto isso, o Brasil continua com o esporte dominado pelas bets, um modelo rentável, mas que já começa a mostrar saturação. E é justamente nesses momentos que as novas ondas surgem. Minha leitura é que, entre 2027 e 2030, veremos as primeiras empresas de IA B2C investindo pesado em patrocínio esportivo no país. Porque, no fim, o que vai definir quem conquista o público não é só quem tem o algoritmo mais inteligente, mas quem se conecta melhor com as pessoas.",,,Publicado,"Spotify Brain Sports (Podcast), Medium Lucas Oaigen (Artigo), LinkedIn Lucas Oaigen (Post), Instagram Brain Sports (Post)",27/10/2025,"17,40,61,84"
content-published--0042,[NEGÓCIOS] A Imagem do Atleta Como Ativo Estratégico: Reflexões a Partir da Fórmula 1,A Imagem do Atleta Como Ativo Estratégico: Reflexões a Partir da Fórmula 1,NEGÓCIOS,"O valor da imagem do atleta no esporte moderno: uma reflexão a partir da Fórmula 1 Acabei de assistir ao novo filme da Fórmula 1 e, como quem vive o esporte também nos bastidores, não consegui deixar de pensar no impacto que a imagem dos atletas tem sobre o valor de uma modalidade. A série Drive to Survive já havia mostrado isso com clareza: atletas que se tornam personagens, histórias que se tornam conteúdo, e o esporte que se transforma em um ativo cultural e comercial. Nem todos os pilotos se sentiram confortáveis com a superexposição e tudo bem, mas muitos entenderam que a imagem deles gera valor para o esporte como um todo. No futebol e em outras modalidades, essa consciência ainda precisa ser fortalecida. É papel dos clubes e organizações mostrar aos seus atletas o impacto que suas imagens têm na geração de receita, engajamento e fortalecimento institucional. E é papel dos atletas apoiar esse processo com profissionalismo, mesmo que nem sempre seja confortável. Escrevi um artigo sobre isso: sobre a necessidade de engajar os atletas na construção de valor de suas próprias imagens e como essa visão coletiva pode transformar clubes e modalidades. Deixo o link aqui e ficarei feliz em trocar ideias com quem vive ou acompanha essa realidade. No fim das contas, performance e projeção caminham juntas. E quando atletas entendem isso, todo o ecossistema esportivo ganha.",,,Publicado,"Spotify Brain Sports (Podcast), Medium Lucas Oaigen (Artigo), LinkedIn Lucas Oaigen (Post), Instagram Brain Sports (Post)",24/7/2025,"18,41,62,85"
content-published--0043,"[TECNOLOGIA] A Web Não Está Morta, Mas Está Mudando: Como a IA Está Redefinindo Tudo","A Web Não Está Morta, Mas Está Mudando: Como a IA Está Redefinindo Tudo",TECNOLOGIA,"[PT] O ChatGPT acaba de lançar o ChatGPT Atlas, um navegador construído com a IA no centro da experiência. É uma mudança significativa: com o Atlas, o ChatGPT acompanha você por qualquer página da web, entende o que está tentando fazer, te ajuda diretamente na interface que está usando, e ainda pode realizar tarefas como resumir textos, comparar produtos, preencher formulários e planejar compromissos, tudo sem copiar e colar ou trocar de aba. Ele aprende com o seu contexto de navegação, guarda memórias opcionais e se torna um verdadeiro superassistente que evolui com o uso. Essa inovação valida exatamente o que destaquei no meu artigo postado em maio deste ano: os sites não estão morrendo, mas mudando. Marcas e empresas precisarão migrar da lógica de “presença online” para “presença em conversas”. E isso terá impacto direto na forma como construímos produtos e como os usuários interagem com interfaces. Cliques vão dar lugar ao diálogo, e a navegação tradicional será substituída por jornadas mediadas por IA.",,,Publicado,"Spotify Brain Sports (Podcast), Medium Lucas Oaigen (Artigo), LinkedIn Lucas Oaigen (Post), Instagram Brain Sports (Post)",6/5/2025,"19,42,63,86"
content-published--0044,[TECNOLOGIA] O quanto sua organização esportiva está atrasada? A tecnologia já mostra.,O quanto sua organização esportiva está atrasada? A tecnologia já mostra.,TECNOLOGIA,"A tecnologia avança a passos largos, robôs humanizados, gêmeos digitais, inteligência artificial. Mas e no esporte? Não se trata apenas de adotar IA para estar na moda. Trata-se de não ficar para trás de forma irreversível.",,"Uma imagem cinematográfica e de alto contraste que mostre um executivo moderno em um terno elegante, parado à beira do gramado de um grande estádio de futebol durante um jogo noturno com luzes vibrantes. Ele segura um tablet de vidro transparente que exibe gráficos de dados, KPIs de receita e métricas de patrocínio brilhando em tons de azul e âmbar. Ao fundo, o jogo está em movimento e levemente desfocado, simbolizando o 'carro em movimento'. A cena deve transmitir autoridade, clareza e controle estratégico em meio à adrenalina do esporte. Estilo de fotografia publicitária de luxo, foco nítido no executivo e nos dados, atmosfera profissional e dinâmica.",Publicado,"Spotify Brain Sports (Podcast), Medium Lucas Oaigen (Artigo), LinkedIn Lucas Oaigen (Post), Instagram Brain Sports (Post)",29/4/2025,"20,43,64,87"
content-published--0045,[OUTRO] De São Gonçalo ao Real Madrid: O Segredo do Sucesso de Vinicius Junior Que Você Precisa Conhecer!,De São Gonçalo ao Real Madrid: O Segredo do Sucesso de Vinicius Junior Que Você Precisa Conhecer!,OUTRO,"CONTEÚDO FORA DO MEU EDITORIAL. 🌟 With Copa America starting and Vini Junior on the verge of becoming the best player in the world, I would like to share the incredible journey of Vinicius Junior! 🚀 From São Gonçalo to the heights of Real Madrid, discover the secrets behind his success and how he's making a difference on and off the field. 🌟 Read the full story to get inspired by his dedication, resilience, and commitment to fighting racism and promoting education. Vinicius is truly a legend in the making! ⚽🏆",,,Publicado,"Medium Lucas Oaigen (Artigo), LinkedIn Lucas Oaigen (Post), Instagram Brain Sports (Post)",18/6/2024,"44,65,88"
content-published--0046,[TECNOLOGIA] Apresentando o GPT-4o: Um Avanço na IA com Demonstrações de Reconhecimento de Imagens em Esportes,Apresentando o GPT-4o: Um Avanço na IA com Demonstrações de Reconhecimento de Imagens em Esportes,TECNOLOGIA,"CONTEÚDO DESATUALIZADO. I'm thrilled to share my insights on the latest advancements in AI, particularly in the sports industry. OpenAI's GPT-4o launch has introduced new capabilities that have left me in awe. These features have unlimited applications, from image recognition to voice and video recognition. I recently conducted an experiment using the new model for image recognition in sports, and the results were astounding. You can check out the details at the end of my post! If you're not already investing in AI experts for your company, now is the time to start. Staying ahead of the curve is critical, and these new features are a testament to the potential that AI can bring to everyone's daily life. I am incredibly excited about these new developments and their potential to revolutionize not just the sports industry, but multiple industries worldwide. Please don't hesitate to reach out if you have any questions or want to discuss these updates further. Let's embrace these exciting advancements together! hashtag #AI hashtag #OpenAI hashtag #GPT4o hashtag #ImageRecognition hashtag #SportsIndustry",,,Publicado,"Medium Lucas Oaigen (Artigo), LinkedIn Lucas Oaigen (Post)",23/5/2024,"45,66"
content-published--0047,[FUTEBOL] Como a Inteligência Artificial pode Revolucionar a Gestão de Talentos no Futebol de Base,Como a Inteligência Artificial pode Revolucionar a Gestão de Talentos no Futebol de Base,FUTEBOL,"CONTEÚDO DESATUALIZADO! EXPERIMENTO REALIZADO EM 2023. 🚀 Orgulhoso em Compartilhar Meu Novo Artigo: ""Como a Inteligência Artificial Pode Revolucionar a Gestão de Talentos no Futebol Juvenil"" 🚀 No mundo dinâmico do esporte, a Inteligência Artificial está se tornando um divisor de águas, especialmente na gestão e desenvolvimento de jovens talentos no futebol. É com grande entusiasmo que anuncio a publicação do meu artigo, onde exploro a integração de tecnologias de IA no futebol de base, demonstrando como elas podem transformar a gestão de talentos. Gostaria de expressar minha profunda gratidão aos meus parceiros Agnello Gonçalves, Arthur Lidio e Rafael Moreno Castellani. Suas contribuições foram essenciais para dar vida a esta pesquisa e ilustrar os benefícios tangíveis da IA na gestão esportiva. Sinta-se à vontade para compartilhar suas ideias e feedback, e vamos discutir como a IA pode inovar ainda mais nossas abordagens na gestão esportiva!",,,Publicado,"Medium Lucas Oaigen (Artigo), LinkedIn Lucas Oaigen (Post)",15/5/2024,"46,67"
content-published--0048,[FUTEBOL] Brasil Sediará a Copa do Mundo de Futebol Feminino 2027: Um Olhar na Evolução do Futebol Feminino no País,Brasil Sediará a Copa do Mundo de Futebol Feminino 2027: Um Olhar na Evolução do Futebol Feminino no País,FUTEBOL,"I am excited to share an short extract from my final project for the FIFA Master, which is almost ready! 🌟 To celebrate Brazil being chosen to host the FIFA Women's World Cup in 2027, this article provides an overview of the history and evolution of women's football in Brazil, highlighting key milestones and achievements. Versão em Português: https://lnkd.in/eRUfBXxV Let's celebrate the future of women's football in Brazil together! 🇧🇷⚽️ Podcast foi adicionado em 15/12/2025, mas não foi divulgado.",https://gemini.google.com/share/f01905d703d8,"Gere uma imagem cinematográfica e altamente detalhada que represente a transformação e a aspiração do futebol feminino brasileiro. Elementos Essenciais: 1. A Atleta (Foco): Uma jogadora brasileira, vestindo o uniforme moderno da seleção, em movimento dinâmico, celebrando em um grande estádio. Ela deve exalar força e determinação. 2. O Contraste Histórico e Moderno: A imagem principal deve ser moderna, mas o plano de fundo deve sutilmente conter um elemento que remeta ao passado. Sugestão: Nas arquibancadas escuras, projete digitalmente (como um overlay de luz) um filtro sépia ou uma foto antiga de mulheres jogando futebol nos anos 40, simbolizando a luta superada, ou exiba a frase ""1941 - 1979"" em fontes estilizadas. 3. O Futuro (2027): O campo deve estar iluminado por luzes de estádio de LED vibrantes (em tons de verde e amarelo). Um logotipo estilizado (simulando ""Brasil 2027"") deve estar visível, talvez projetado na lateral do campo ou em uma placa de LED. 4. Paleta de Cores: Cores vibrantes do Brasil (verde, amarelo e azul), mas com iluminação de alto contraste para um efeito dramático e premium. Estilo: Fotografia de esportes de alta resolução, 8K, depth of field raso, iluminação dramática de noite de jogo (stadium lights), estilo aspiracional e poderoso, capturando a energia de um momento decisivo.",Publicado,"Spotify Brain Sports (Podcast), Medium Lucas Oaigen (Artigo), LinkedIn Lucas Oaigen (Post), Instagram Brain Sports (Post)",23/5/2024,"24,47,68,89"
content-published--0049,[TECNOLOGIA] A Revolução Esportiva que Já Começou: Como a IA Está Mudando Tudo,A Revolução Esportiva que Já Começou: Como a IA Está Mudando Tudo,TECNOLOGIA,"A Inteligência Artificial finalmente deixou de ser um conceito distante para se tornar peça central na indústria do esporte. Neste episódio, exploramos onde a IA já está fazendo diferença agora mesmo: análise de desempenho, scouting, prevenção de lesões, relacionamento com o torcedor, gestão interna, tomada de decisão e até criação de conteúdo. Mostramos casos reais, impactos imediatos e o que muda para clubes, atletas e profissionais do setor. Um guia direto para entender por que a conversa sobre “IA no esporte” deixou de ser futuro para virar realidade diária.",Publicação antiga realizada em 15/05/2024 com artigo completo e post no Linkedin. Foi refeito um novo post no Linkedin para o podcast e focando somente nos casos utilizados. Link do post antigo: https://www.linkedin.com/posts/lucas-oaigen_sportsrevolution-artificialintelligence-technologyinsports-activity-7197166483561402370-XJdv?utm_source=share&utm_medium=member_desktop&rcm=ACoAAAIzx0UBphsTkJbkg4LsApngWkOema-KSk8,,Publicado,"Spotify Brain Sports (Podcast), Medium Lucas Oaigen (Artigo), LinkedIn Lucas Oaigen (Post), Instagram Brain Sports (Post)",15/12/2025,"25,48,69,90"
content-published--0050,[TECNOLOGIA] Biometria nos Estádios - Minha visão e convite para debater como vocês têm tratado esse assunto em seus clubes ou arenas?,Biometria nos Estádios - Minha visão e convite para debater como vocês têm tratado esse assunto em seus clubes ou arenas?,TECNOLOGIA,"CONTEUDO DESATUALIZADO! *** O que a lei realmente exige e qual é a interpretação mais segura? Nos últimos dias, mergulhei em um dos temas mais técnicos e sensíveis da gestão de estádios no futebol brasileiro: a obrigatoriedade do reconhecimento facial conforme a nova Lei Geral do Esporte. Esse tema passou a fazer parte do meu escopo direto de trabalho. O desafio é entender, à luz da legislação, se a exigência se aplica ao nosso caso e de que forma. Essa análise envolveu leitura de leis e portarias, revisão de laudos técnicos, interpretações jurídicas e benchmarking com clubes e especialistas. Ao final, estruturei um entendimento sólido que compartilho aqui com vocês. *** O que diz a legislação A Lei nº 14.597/2023 (Lei Geral do Esporte) determina no Art. 106, §1º: ""Para os estádios com real capacidade superior a 20.000 pessoas, é obrigatória a instalação de sistema de reconhecimento facial para controle de acesso do público."" A Portaria nº 55/2023 do Ministério do Esporte exige quatro laudos: Engenharia, Incêndio (AVCB), Segurança e Sanitário. A portaria, porém, não define qual laudo determina oficialmente a capacidade do estádio. *** Capacidade real: qual laudo prevalece? Não é raro haver divergência entre laudos. O AVCB considera estrutura física; o da PM, segurança e evacuação. Isso levanta a dúvida: qual número deve ser considerado? *** Meu entendimento: o menor valor entre os laudos A posição que adoto, reforçada por especialistas, clubes e advogados, é que vale a menor capacidade entre os laudos, especialmente o laudo da Polícia Militar, que define o limite prático de operação com público. *** E os riscos de não seguir o AVCB? O risco principal seria uma fiscalização que considere apenas o AVCB acima de 20 mil. Mas não há histórico de punição recente. Órgãos como o MP têm atuado mais como orientadores. Ainda assim, cada clube precisa avaliar seu apetite a risco e fundamentar bem seu posicionamento. *** Considerações finais A biometria é um tema estratégico: envolve interpretação legal, controle de custos, gestão de risco e experiência do torcedor. Mesmo sem obrigação legal imediata para estádios com menos de 20 mil lugares, pode haver ganhos relevantes com a adoção da tecnologia. Tudo depende do contexto orçamentário e estratégico de cada clube.",,,Publicado,LinkedIn Lucas Oaigen (Post),23/6/2025,70
content-published--0051,[OUTRO] Aprendizados de um Início de Jornada no Futebol,Aprendizados de um Início de Jornada no Futebol,OUTRO,"CONTEUDO PESSOAL!! Começar um novo ciclo no futebol é uma experiência única. Mais do que um desafio profissional, trata-se de mergulhar em um ecossistema vivo, onde esporte, comunidade e negócios se encontram todos os dias. Nesta jornada que foi iniciada faz 2 anos, alguns aprendizados já se tornaram claros para mim: 🔹Gestão de stakeholders é tudo No futebol, cada decisão envolve múltiplas visões: diretoria, atletas, torcedores, patrocinadores, imprensa. Entender essa dinâmica é essencial para criar soluções que respeitem a identidade da organização e, ao mesmo tempo, construam resultados sustentáveis. 🔹Estrutura gera confiança Processos bem definidos e ferramentas adequadas trazem clareza e permitem que a energia esteja voltada ao que realmente importa: a performance dentro e fora de campo. A profissionalização passa, inevitavelmente, pela organização. 🔹Política faz parte do jogo O ambiente do futebol é altamente político. Navegar nesse contexto exige uma habilidade adicional: compreender relações de poder, alinhar expectativas e saber construir consensos sem perder o foco na estratégia. 🔹Criatividade como rotina A indústria opera no limite de seus recursos. Encontrar soluções criativas com o que já está disponível deixa de ser um diferencial e passa a ser parte do dia a dia. É essa capacidade de improvisar com inteligência que mantém os projetos vivos. 🔹Comunidade é ativo estratégico Torcedores não são apenas consumidores de um produto; são parte fundamental do projeto. A conexão emocional entre clube e cidade é insubstituível, e quando essa energia é bem canalizada, ela fortalece a marca e abre portas para novas oportunidades. 🔹Maturidade em planejamento é um desafio A cultura de planejamento estruturado ainda não é fortemente praticada nas organizações. Trazer essa disciplina para dentro exige energia, paciência e a capacidade de adaptar boas práticas externas a uma realidade que ainda está em formação. 🔹Equilíbrio entre tradição e inovação Respeitar a história é tão importante quanto olhar para o futuro. A combinação de legado e modernidade é o que permite a um clube crescer sem perder sua essência. 🔹Aprendizado contínuo O futebol é dinâmico, exige resiliência e adaptação. Cada dia traz novos desafios, mas também novas oportunidades de crescimento pessoal e profissional. Essas reflexões iniciais reforçam minha convicção de que o esporte é um espaço privilegiado para gerar impacto real, social, econômico e cultural. Os próximos capítulos dessa caminhada serão divertidos e desafiadores, algo extremamente positivo.",,,Publicado,LinkedIn Lucas Oaigen (Post),6/10/2025,71
content-published--0052,"[NEGÓCIOS] Se fosse uma empresa, seu clube sobreviveria sem uma área comercial forte?","Se fosse uma empresa, seu clube sobreviveria sem uma área comercial forte?",NEGÓCIOS,"No mundo corporativo, não existe dúvida: o time de vendas é o coração da empresa. É onde se concentram investimento, tecnologia, processos e talentos. Afinal, sem receita não há estratégia que se sustente. No futebol, porém, muitos clubes ainda tratam o comercial como apêndice do marketing. O resultado é claro: enquanto empresas maximizam valor com times comerciais fortes, os clubes deixam milhões na mesa. Muitos ainda apostam apenas em agências externas, cedendo percentuais altos em comissionamento, quando o ideal seria combinar um time interno estruturado com parceiros estratégicos, ampliando o funil de vendas e diversificando o portfólio. Os números não mentem: * Em 2024, os 20 maiores clubes do Brasil faturaram mais de R$ 10 bilhões, crescimento de 21% em relação a 2023. * Mais de R$ 7 bilhões vieram de receitas recorrentes, incluindo TV, patrocínios, matchday, sócio-torcedor e licenciamento. * Flamengo, Palmeiras e Corinthians superaram R$ 1 bilhão cada um no ano, graças ao fortalecimento comercial. Casos de sucesso na área de negócios: * Flamengo registrou mais de R$ 300 milhões anuais em patrocínios e fechou o maior contrato da história, no valor de R$ 268,5 milhões por temporada, podendo ultrapassar meio bilhão apenas em patrocínios este ano. * Palmeiras alcançou mais de 180 mil sócios adimplentes e diversificou receitas que superam R$ 200 milhões anuais. * Corinthians garantiu patrocínio máster acima de R$ 100 milhões anuais e mais de R$ 100 milhões em matchday. Quando o comercial é tratado como estratégico, os números respondem. O problema é que muitos clubes ainda não amadureceram nesse ponto. O comercial segue enterrado no marketing, sem estrutura própria, sem metas claras e sem protagonismo. Isso seria impensável em qualquer empresa tradicional, e é justamente por isso que o futebol ainda carrega tanta instabilidade financeira. Na Europa, o caminho já está consolidado. Real Madrid, Bayern e Manchester City transformaram o comercial em verdadeiras máquinas de monetização, com matchday premium, digitalização e internacionalização da marca. A lição é simples: Profissionalizar e valorizar o comercial é urgente. Não se trata apenas de vender patrocínios, mas de criar um hub de receitas recorrentes, experiências e ativos de marca. Se empresas não sobrevivem sem vendas, por que clubes sobreviveriam sem um comercial forte?",,,Publicado,"Spotify Brain Sports (Podcast), Medium Lucas Oaigen (Artigo), LinkedIn Lucas Oaigen (Post), Instagram Brain Sports (Post)",20/10/2025,"28,49,72,91"
content-published--0053,[NEGÓCIOS] O que o Ajax pode ensinar aos clubes brasileiros sobre sustentabilidade financeira,O que o Ajax pode ensinar aos clubes brasileiros sobre sustentabilidade financeira,NEGÓCIOS,"O Ajax conseguiu algo raro no futebol, unir competitividade esportiva e rentabilidade. Nos últimos 10 anos, o clube holandês foi lucrativo na maior parte das temporadas, mesmo em um mercado nacional pequeno e com receitas de TV muito abaixo das grandes ligas. Qual o segredo? Duas estratégias complementares: 1. Formação de jogadores O Ajax é referência global em transição da base para o profissional. Nas últimas décadas, nomes como Frenkie de Jong, Matthijs de Ligt e Ryan Gravenberch chegaram ao time principal e foram vendidos por valores acima de €40 milhões cada. Entre 2014 e 2023, o clube faturou quase meio bilhão de euros apenas em vendas de atletas formados ou desenvolvidos internamente. 2. Modelo de trading O clube também se especializou em comprar jovens de alto potencial e revendê-los no auge. Antony é o exemplo mais recente: adquirido do São Paulo por €15 milhões em 2020, vendido ao Manchester United em 2022 por €95 milhões. Esse tipo de operação gera liquidez imediata, mantém o clube competitivo e reforça a reputação de vitrine global. O impacto é grande, em 2018/19, com uma campanha histórica na Champions League, o Ajax registrou receita recorde de quase €200 milhões e mais de €50 milhões de lucro líquido. Já em 2023/24, sem Champions e com desempenho fraco na Eredivisie, a receita caiu para €152 milhões e o clube fechou no vermelho em cerca de somente €10 milhões. A volatilidade existe, mas o estoque de talentos e a disciplina no mercado de transferências funcionam como rede de proteção. ** O que os clubes brasileiros podem aprender ** O Brasil tem uma das maiores fábricas de jogadores do mundo, mas ainda carece de processos para transformar esse ativo em modelo de negócio sustentável. Algumas reflexões a partir do caso Ajax: * Academias estruturadas: investir em transição efetiva da base para o profissional, com metodologias claras e acompanhamento multidisciplinar. * Planejamento de vendas: vender no tempo certo, maximizando valor de mercado e evitando liquidações de última hora. * Scouting inteligente: complementar a base com contratações estratégicas de jovens regionais ou sul-americanos, com potencial de revenda. * Gestão financeira disciplinada: reinvestir em infraestrutura e formação, sem inflar custos fixos a ponto de depender de um título para sobreviver. * Uso do palco internacional: Libertadores e Sul-Americana podem funcionar como a Champions para os europeus, janelas de exposição e valorização. O caso Ajax mostra que não é preciso estar nas ligas mais ricas para crescer de forma saudável. É preciso estratégia, paciência e coragem para executar. Se clubes brasileiros conseguirem alinhar talento abundante com gestão profissional e visão de longo prazo, o país poderá não apenas exportar craques, mas também construir organizações esportivas rentáveis e globais.",,,Publicado,"Spotify Brain Sports (Podcast), Medium Lucas Oaigen (Artigo), LinkedIn Lucas Oaigen (Post), Instagram Brain Sports (Post)",24/10/2025,"29,50,73,92"
content-published--0054,[TECNOLOGIA] Se você acha que a CazéTV revolucionou a transmissão esportiva… espere só até a tecnologia entrar de vez em campo.,Se você acha que a CazéTV revolucionou a transmissão esportiva… espere só até a tecnologia entrar de vez em campo.,TECNOLOGIA,"Se você acha que a CazéTV revolucionou a transmissão esportiva… espere só até a tecnologia entrar de vez em campo. A MLB acaba de lançar uma nova versão do seu app para headsets de Realidade Estendida (Android XR), e o que está chegando muda completamente o jogo da fan experience: 1) Gameday 3D em tempo real: uma visualização ao vivo dos jogos com dados do Statcast, você acompanha a trajetória da bola, o movimento dos jogadores e detalhes como velocidade do arremesso ou distância do home run… tudo isso em um estádio virtual. É como ter o VAR, o scout e o técnico ao seu lado, ao mesmo tempo. 2) Multiview com até 5 jogos simultâneos: escolha sua partida principal e veja outras ao redor, com dados avançados em tempo real. 3) Destaques em vídeo espacial: replays em 3D que te colocam literalmente dentro da jogada. É viver o momento. Isso não é futuro. Isso é agora. A pergunta é: o que faremos com essas tecnologias quando chegarem (de verdade) ao futebol? Na era dos dados, IA generativa e realidades imersivas, a transmissão como conhecemos será apenas o começo. A revolução já começou e ela será digital, interativa, imersiva… e inevitavelmente transformadora.",Link: https://lnkd.in/eeTzV4Mt,,Publicado,"Spotify Brain Sports (Podcast), Medium Lucas Oaigen (Artigo), LinkedIn Lucas Oaigen (Post), Instagram Brain Sports (Post)",3/11/2025,"30,51,74,93"
content-published--0055,"[TECNOLOGIA] A próxima revolução esportiva não virá do campo, virá dos algoritmos","A próxima revolução esportiva não virá do campo, virá dos algoritmos",TECNOLOGIA,"A próxima revolução esportiva não virá do campo, virá dos algoritmos. E poucos países entenderam isso tão bem quanto os Emirados Árabes Unidos. A IA está remodelando o esporte nos EAU em uma velocidade impressionante. De plataformas nacionais como o Sportifai, lançada pelo Ministério do Esporte, a parcerias de ponta entre clubes, empresas de tecnologia e competições globais como a Fórmula 1, o país está construindo um ecossistema digital que une gestão, performance e experiência do torcedor. Essa integração vai muito além de dados. Ela redefine como atletas são treinados, como decisões são tomadas e como o público se conecta com o jogo, um modelo que tende a inspirar clubes e federações do mundo todo. Com o mercado global de IA esportiva projetado para ultrapassar US$ 30 bilhões até 2033, os Emirados se consolidam como referência em inovação esportiva inteligente. A tecnologia deixou de ser suporte: tornou-se protagonista. E o esporte que entender isso primeiro, vai liderar a próxima década.",https://lnkd.in/eqczQmpu,,Publicado,"Spotify Brain Sports (Podcast), Medium Lucas Oaigen (Artigo), LinkedIn Lucas Oaigen (Post), Instagram Brain Sports (Post)",27/10/2025,"31,52,75,94"
content-published--0056,[ANÁLISE] Batalha dos Sexos: debate por equidade ou espetáculo que reforça hierarquias?,Batalha dos Sexos: debate por equidade ou espetáculo que reforça hierarquias?,ANÁLISE,"O futebol e o esporte em geral seguem repetindo um erro recorrente: transformar desigualdade em entretenimento. Quando homens e mulheres são colocados em “duelos” com ajustes artificiais, o foco sai do que realmente trava o jogo e volta para a comparação física, que já tem resultado previsível. Esse tema importa agora porque a indústria entrou na fase de monetizar a curiosidade. Em vez de discutir governança, investimento, calendário, base, saúde e proteção, parte do mercado prefere vender uma narrativa simples: “quem é melhor”. Só que essa narrativa costuma custar caro para a credibilidade do esporte feminino. Ao final do episódio, você vai entender quando esse tipo de evento ajuda a gerar mudança estrutural e quando ele só cria ruído. Vamos separar visibilidade de progresso, e discutir quais decisões concretas movem a equidade de verdade: liderança, dinheiro, mídia, ciência e segurança. A pergunta que fica é direta: o esporte quer reduzir a diferença na tela ou corrigir as causas no sistema?",,"Create a cinematic, high-impact Instagram post image about gender equity in sports. Incorporate the uploaded images of Nick Kyrgios and Aryna Sabalenka as the main subjects. Visual concept: Both athletes face each other across a tennis court, but the scene clearly shows imbalance and artificial adjustments. Subtle graphic overlays suggest data, measurements, and technical adjustments, reinforcing the idea of “engineered fairness.” Mood and tone: Serious, analytical, and provocative. This is not a celebration image. It should visually question the concept of equality through spectacle. Avoid glamour or playful energy. Color and style: Dark, neutral background (graphite, charcoal, deep blue). Clean, modern, editorial look. High contrast lighting, dramatic shadows. No bright or flashy colors. Composition: Kyrgios and Sabalenka are in action-ready poses, frozen mid-movement, looking determined, not aggressive. The visual imbalance of the court should be immediately noticeable, even without explanation.",Publicado,"Spotify Brain Sports (Podcast), Medium Lucas Oaigen (Artigo), LinkedIn Lucas Oaigen (Post), Instagram Brain Sports (Post)",30/12/2025,"32,53,76,95"
content-published--0057,[FUTEBOL] Valor ou Preço? Por que o ‘quanto vale’ um jogador quase nunca é o que se paga,Valor ou Preço? Por que o ‘quanto vale’ um jogador quase nunca é o que se paga,FUTEBOL,"Avaliar o valor de um atleta é uma das decisões mais críticas e mal compreendidas do futebol moderno. Clubes movimentam milhões em um mercado altamente volátil, lidando com ativos humanos sujeitos a desempenho, lesões, contexto esportivo e cláusulas contratuais complexas. Ainda assim, muitas decisões seguem mais a intuição do que um método estruturado. Neste episódio, exploramos por que a precificação de jogadores é tão difícil e por que erros nesse processo custam caro, dentro e fora de campo. Falamos sobre os fatores que realmente influenciam o valor de transferência, como idade, contrato, posição, timing de mercado, contexto competitivo e risco financeiro. Ao final, o ouvinte entende melhor como clubes podem sair do improviso, adotar uma lógica mais analítica e equilibrar performance esportiva com responsabilidade financeira. Um convite para refletir se o futebol está, de fato, tratando seus ativos mais valiosos com o rigor que o tamanho do mercado exige.",https://docs.google.com/document/d/1BBiJNoYpf7NDBfrjntxCFGz17WkmkjIQQoP9-fdi2Uc/edit?tab=t.0 https://docs.google.com/document/d/1JY2SHg2dlGyjUq85P7b3p8riusIK24HdeugJJqHuv-g/edit?tab=t.0 https://docs.google.com/document/d/1NAupgc1R9J6KYajWuB8My-1hcFS4iWdzCIz2Y_3hLtg/edit?tab=t.0,,Publicado,"Medium Lucas Oaigen (Artigo), Instagram Brain Sports (Post), LinkedIn Lucas Oaigen (Post), Instagram Lucas Oaigen (Story), Spotify Brain Sports (Podcast)",12/1/2026,"100,111,112,113,114"
content-published--0058,[ENTREVISTA] SAF não é solução mágica. Gestão vem antes do modelo.,SAF não é solução mágica. Gestão vem antes do modelo.,ENTREVISTA,"SAF virou o centro do debate no futebol brasileiro. Mas será que ela é, de fato, a solução para todos os clubes? Neste episódio do BrAIn Sports, o gestor esportivo Lucas Oaigen analisa o modelo de Sociedade Anônima do Futebol a partir de uma perspectiva prática de gestão, governança e estratégia. A conversa passa pelas limitações do modelo associativo, a influência política nos clubes, o papel dos investidores e os riscos de tratar a SAF como uma resposta automática para crises financeiras. O episódio também discute por que alguns clubes podem se estruturar sem virar SAF, a importância da profissionalização da gestão, do planejamento estratégico e das métricas de controle, além do impacto do fair play financeiro no futuro dos clubes brasileiros. Um conteúdo direto, crítico e fundamentado para quem quer entender o futebol além do campo.",,,Publicado,"Youtube Lucas Oaigen (Video Longo), Youtube Lucas Oaigen (Video Curto), Instagram Brain Sports (Video Curto), Instagram Brain Sports (Post), Instagram Lucas Oaigen (Story), LinkedIn Lucas Oaigen (Post), Spotify Brain Sports (Podcast), Medium Lucas Oaigen (Artigo), Youtube Lucas Oaigen (Video Curto), Instagram Brain Sports (Video Curto), Instagram Lucas Oaigen (Video Curto), TikTok Lucas Oaigen (Video Curto), TikTok Lucas Oaigen (Video Curto), Youtube Lucas Oaigen (Video Curto), Youtube Lucas Oaigen (Video Curto), Youtube Lucas Oaigen (Video Curto), Youtube Lucas Oaigen (Video Curto), Instagram Brain Sports (Video Curto), Instagram Lucas Oaigen (Story), TikTok Lucas Oaigen (Video Curto), TikTok Lucas Oaigen (Video Curto), TikTok Lucas Oaigen (Video Curto), TikTok Lucas Oaigen (Video Curto), Instagram Lucas Oaigen (Story), Instagram Brain Sports (Video Curto), Instagram Lucas Oaigen (Story)",5/1/2026,"1,2,3,4,5,6,7,8,96,97,98,99,101,106,107,108,109,115,116,117,118,119,120,124,125,126"
content-published--0059,"[TECNOLOGIA] IA, dados e futebol: o que muda com o Football AI Pro da FIFA e Lenovo","IA, dados e futebol: o que muda com o Football AI Pro da FIFA e Lenovo",TECNOLOGIA,"A Lenovo e a FIFA anunciaram oficialmente, durante a CES 2026, o lançamento do Football AI Pro, uma das iniciativas mais ambiciosas já criadas na interseção entre futebol e inteligência artificial. Co-desenvolvida por Lenovo e FIFA, a plataforma será utilizada por todas as 48 seleções participantes da FIFA World Cup 2026 e representa um novo patamar na aplicação de IA no esporte de alto rendimento. Não se trata apenas de mais dados, mas de transformar volumes massivos de informação em inteligência acessível, acionável e padronizada. O Football AI Pro funciona como um assistente de conhecimento corporativo especializado em futebol, baseado em IA generativa e operando com múltiplos agentes inteligentes. A ferramenta analisa milhões de dados oficiais da FIFA e mais de 2.000 métricas diferentes, combinando tracking, estatísticas, histórico de partidas, análise tática e vídeo para entregar insights em segundos. Analistas podem comparar padrões de jogo com apoio de clipes e avatares 3D, treinadores podem simular impactos de ajustes táticos contra adversários específicos, e jogadores recebem análises personalizadas de performance. Tudo via linguagem natural, em múltiplos idiomas, com respostas em texto, gráficos, vídeo e visualizações tridimensionais, sempre antes e depois das partidas, com fortes camadas de segurança e privacidade. O ponto mais relevante, porém, é o que essa tecnologia representa para o futuro do futebol. Ao oferecer exatamente o mesmo nível de inteligência analítica para todas as seleções, independentemente de orçamento, estrutura ou maturidade digital, FIFA e Lenovo atacam diretamente uma das maiores assimetrias do jogo moderno: o acesso à informação de qualidade. O Football AI Pro não decide jogos, mas eleva o nível da preparação, da leitura tática e da tomada de decisão em escala global. É um movimento claro de democratização da inteligência no esporte, que redefine competitividade no maior palco do futebol mundial e sinaliza como a tecnologia pode, de fato, tornar o jogo mais equilibrado, transparente e evoluído.",https://inside.fifa.com/organisation/media-releases/lenovo-tech-world-ai-powered-innovations-world-cup-2026,,Publicado,"LinkedIn Lucas Oaigen (Post), Instagram Brain Sports (Post), Instagram Lucas Oaigen (Story)",7/1/2026,"102,103,104"
content-published--0060,[ENTREVISTA] Mais que um Jogo: 3 Formas Surpreendentes como a Inteligência Artificial está Reinventando o Futebol,Mais que um Jogo: 3 Formas Surpreendentes como a Inteligência Artificial está Reinventando o Futebol,ENTREVISTA,"A inteligência artificial já está mudando o futebol. Clubes que não se adaptarem vão perder engajamento, receita e relevância. Neste vídeo, mostramos como a IA pode transformar a relação com torcedores e atletas. A inteligência artificial no futebol deixou de ser tendência e passou a ser realidade. Neste episódio, discutimos como clubes podem usar dados, IA conversacional e automação para entender melhor o torcedor, personalizar experiências no estádio, melhorar a comunicação e criar novas formas de engajamento. Falamos sobre exemplos práticos como uso de WhatsApp inteligente, integração de sistemas (sócio-torcedor, ticketing, e-commerce), reconhecimento facial, análise de comportamento da torcida e proteção de atletas nas redes sociais. O debate também aborda os desafios estruturais dos clubes brasileiros e o que precisa ser feito antes de aplicar inteligência artificial de forma eficiente. Se você trabalha com gestão esportiva, marketing, inovação ou futebol profissional, este conteúdo é essencial para entender para onde o esporte está caminhando. Inscreva-se no canal para mais conteúdos sobre gestão esportiva, tecnologia e inovação no futebol. Deixe seu comentário com sua opinião: seu clube já está preparado para usar inteligência artificial?",,,Publicado,"Youtube Lucas Oaigen (Video Longo), Instagram Brain Sports (Post), LinkedIn Lucas Oaigen (Post), Spotify Brain Sports (Podcast), Instagram Lucas Oaigen (Story)",2/2/2026,"110,144,145,146,147"
content-published--0061,[ENTREVISTA] Gestão Esportiva e Fair Play: O Fim do Amadorismo?,Gestão Esportiva e Fair Play: O Fim do Amadorismo?,ENTREVISTA,"A maioria dos clubes não quebra por falta de dinheiro. Quebra por má gestão esportiva e financeira. Neste vídeo, explico como o fair play financeiro muda o jogo. Neste episódio, discutimos como a gestão esportiva moderna vem transformando o futebol, e por que planejamento estratégico, governança e controle financeiro deixaram de ser opcionais. Falamos sobre: - Estrutura ideal de gestão nos clubes - Diferença entre centralização saudável e concentração de poder - O papel do PMO (escritório de projetos) no futebol - Os 4 pilares do fair play financeiro no Brasil - Por que clubes organizados contratam melhor e performam mais - Como o fair play pode ajudar clubes médios e pequenos - SAF, investimento e sustentabilidade de longo prazo O fair play financeiro não é sobre punir. É sobre organizar a casa, criar credibilidade e permitir crescimento esportivo real. Se você trabalha com futebol, gestão, administração esportiva ou simplesmente quer entender por que alguns clubes evoluem e outros afundam, este vídeo é para você.",,,Publicado,"Youtube Lucas Oaigen (Video Longo), Spotify Brain Sports (Podcast), LinkedIn Lucas Oaigen (Post), Instagram Brain Sports (Post), Medium Lucas Oaigen (Artigo), Youtube Lucas Oaigen (Video Curto), TikTok Lucas Oaigen (Video Curto), Instagram Brain Sports (Video Curto), Instagram Lucas Oaigen (Story), Instagram Brain Sports (Story), Youtube Lucas Oaigen (Video Curto), Instagram Brain Sports (Video Curto), TikTok Lucas Oaigen (Video Curto), Instagram Lucas Oaigen (Story), Youtube Lucas Oaigen (Video Curto), TikTok Lucas Oaigen (Video Curto), Instagram Brain Sports (Video Curto), Instagram Lucas Oaigen (Story)",26/1/2026,"122,129,130,131,133,138,139,140,141,142,143,148,149,150,155,156,157,158"
content-published--0062,"[MARKETING] O que o show do intervalo do Super Bowl com Bad Bunny realmente revelou sobre esporte, música e política","O que o show do intervalo do Super Bowl com Bad Bunny realmente revelou sobre esporte, música e política",MARKETING,,,,Publicado,"Medium Lucas Oaigen (Artigo), LinkedIn Lucas Oaigen (Post), (), Instagram Lucas Oaigen (Post)",9/2/2026,"151,152,153,154"
content-published--0063,[TECNOLOGIA] A Morte do Especialista: Como a IA transformou seu nível júnior na sua nova agência de marketing,A Morte do Especialista: Como a IA transformou seu nível júnior na sua nova agência de marketing,TECNOLOGIA,,,,Publicado,"Medium Lucas Oaigen (Artigo), LinkedIn Lucas Oaigen (Post), Instagram Brain Sports (Post), Spotify Brain Sports (Podcast)",25/2/2026,"163,164,165,167"
content-published--0064,"[GESTÃO] O currículo morreu? Quase, ele está se tornando apenas um acessório irrelevante.","O currículo morreu? Quase, ele está se tornando apenas um acessório irrelevante.",GESTÃO,,,,Publicado,"Medium Lucas Oaigen (Artigo), Instagram Brain Sports (Post), LinkedIn Lucas Oaigen (Post), Instagram Lucas Oaigen (Story), Spotify Brain Sports (Podcast)",4/3/2026,"168,169,170,171,172"
