content_calendar_key,post_id,content,post_name,content_type,platform,account,published_in,link,status,publish_date
content-calendar--1,1,[ENTREVISTA] SAF não é solução mágica. Gestão vem antes do modelo.,Video Completo sobre SAF,Video Longo,Youtube,Lucas Oaigen,Youtube Lucas Oaigen (Video Longo),https://youtu.be/Nfsb2hI7JiM,Postado,5/1/2026
content-calendar--2,2,[ENTREVISTA] SAF não é solução mágica. Gestão vem antes do modelo.,Shorts 2 - O que muda quando vira SAF,Video Curto,Youtube,Lucas Oaigen,Youtube Lucas Oaigen (Video Curto),https://youtube.com/shorts/h4sEr4d5Gow?feature=share,Postado,5/1/2026
content-calendar--3,3,[ENTREVISTA] SAF não é solução mágica. Gestão vem antes do modelo.,Shorts 2 - O que muda quando vira SAF,Video Curto,Instagram,Brain Sports,Instagram Brain Sports (Video Curto),,Postado,5/1/2026
content-calendar--4,4,[ENTREVISTA] SAF não é solução mágica. Gestão vem antes do modelo.,Post sobre video completo,Post,Instagram,Brain Sports,Instagram Brain Sports (Post),https://www.instagram.com/p/DTIsiRFkbYJ/?utm_source=ig_web_copy_link&igsh=MzRlODBiNWFlZA==,Postado,5/1/2026
content-calendar--5,5,[ENTREVISTA] SAF não é solução mágica. Gestão vem antes do modelo.,Compartilhamento do Post e Shorts 2,Story,Instagram,Lucas Oaigen,Instagram Lucas Oaigen (Story),,Postado,5/1/2026
content-calendar--6,6,[ENTREVISTA] SAF não é solução mágica. Gestão vem antes do modelo.,Post sobre video completo,Post,LinkedIn,Lucas Oaigen,LinkedIn Lucas Oaigen (Post),"Designed FCWC fan experience concepts for top clubs including PSG, Juventus, Atlético Madrid, Benfica, Inter Milan, Sevilla, FC Porto, Flamengo, Fluminense, Al Ahly, Al Hilal, Club América, among others.",Postado,5/1/2026
content-calendar--7,7,[ENTREVISTA] SAF não é solução mágica. Gestão vem antes do modelo.,Podcast sobre a entrevista completa,Podcast,Spotify,Brain Sports,Spotify Brain Sports (Podcast),https://open.spotify.com/episode/0it08ApGKJXLEcMk6NAeCP?si=fqL_upZASkePVvgToracSw,Postado,5/1/2026
content-calendar--8,8,[ENTREVISTA] SAF não é solução mágica. Gestão vem antes do modelo.,Artigo completo sobre a entrevista e SAF,Artigo,Medium,Lucas Oaigen,Medium Lucas Oaigen (Artigo),https://medium.com/@lucasleusin/saf-n%C3%A3o-%C3%A9-solu%C3%A7%C3%A3o-m%C3%A1gica-gest%C3%A3o-vem-antes-do-modelo-10f97d6af2ce,Postado,5/1/2026
content-calendar--9,9,[NEGÓCIOS] Os Primeiros 90 Dias na Gestão de Negócios do Clube,Podcast sobre o artigo,Podcast,Spotify,Brain Sports,Spotify Brain Sports (Podcast),https://spotifycreators-web.app.link/e/mamKxTZEUYb,Postado,17/11/2025
content-calendar--10,10,[OUTRO] Quem é a BrAIn Sports?,Podcast sobre o artigo,Podcast,Spotify,Brain Sports,Spotify Brain Sports (Podcast),https://spotifycreators-web.app.link/e/FlWntWZEUYb,Postado,27/11/2025
content-calendar--11,11,[GESTÃO] Fair Play Financeiro: o que muda no futebol brasileiro?,Podcast sobre o artigo,Podcast,Spotify,Brain Sports,Spotify Brain Sports (Podcast),https://spotifycreators-web.app.link/e/RMZHCUZEUYb,Postado,27/11/2025
content-calendar--12,12,"""[NEGÓCIOS] Naming Rights não salvam clubes. Mas sem eles, muitos ficam para trás.""",Podcast sobre o artigo,Podcast,Spotify,Brain Sports,Spotify Brain Sports (Podcast),https://open.spotify.com/episode/5Uua6LxvUg4DO2CdTel36U?si=SBLlUsIiQP6ODt3J4aZ5fw,Postado,29/12/2025
content-calendar--13,13,[TECNOLOGIA] IA Humanizando Cada Passo do Torcedor,Podcast sobre o artigo,Podcast,Spotify,Brain Sports,Spotify Brain Sports (Podcast),https://spotifycreators-web.app.link/e/5saRuRZEUYb,Postado,8/12/2025
content-calendar--14,14,[NEGÓCIOS] Sócio Gratuito Funciona? A Estratégia Freemium no Futebol,Podcast sobre o artigo,Podcast,Spotify,Brain Sports,Spotify Brain Sports (Podcast),https://open.spotify.com/episode/5ItL143bYzYGG4N3acPnUh?si=0MFi1q2eSrWtNgRn26JCZw,Postado,22/12/2025
content-calendar--15,15,[GESTÃO] Por que um clube de futebol deveria ter um PMO,Podcast sobre o artigo,Podcast,Spotify,Brain Sports,Spotify Brain Sports (Podcast),https://spotifycreators-web.app.link/e/hrVStSZEUYb,Postado,30/11/2025
content-calendar--16,16,[GESTÃO] Por Que Tantos Clubes Não Conseguem Tirar o Planejamento Estratégico do Papel?,Podcast sobre o artigo,Podcast,Spotify,Brain Sports,Spotify Brain Sports (Podcast),https://open.spotify.com/episode/0cWXNsXbCD4JP1U2SRW5ww?si=tQaLl1JnSbKO2MIDwdMx_g,Postado,3/11/2025
content-calendar--17,17,[NEGÓCIOS] Depois do Boom das Bets: Qual Será a Próxima Grande Fonte de Receita do Futebol?,Podcast sobre o artigo,Podcast,Spotify,Brain Sports,Spotify Brain Sports (Podcast),https://open.spotify.com/episode/0hxvZ6LNIynFPItl4cXIwL?si=wVKAuccrSvGZBBlAY8VuMA,Postado,27/10/2025
content-calendar--18,18,[NEGÓCIOS] A Imagem do Atleta Como Ativo Estratégico: Reflexões a Partir da Fórmula 1,Podcast sobre o artigo,Podcast,Spotify,Brain Sports,Spotify Brain Sports (Podcast),https://spotifycreators-web.app.link/e/hmeg6GJx9Yb,Postado,24/7/2025
content-calendar--19,19,"""[TECNOLOGIA] A Web Não Está Morta, Mas Está Mudando: Como a IA Está Redefinindo Tudo""",Podcast sobre o artigo,Podcast,Spotify,Brain Sports,Spotify Brain Sports (Podcast),https://spotifycreators-web.app.link/e/kidb6DDx9Yb,Postado,6/5/2025
content-calendar--20,20,[TECNOLOGIA] O quanto sua organização esportiva está atrasada? A tecnologia já mostra.,Podcast sobre o artigo,Podcast,Spotify,Brain Sports,Spotify Brain Sports (Podcast),https://open.spotify.com/episode/3JHxlAX1xwtNwMedlYhdBv?si=uqk6v26PTp2t0xdM7-rffQ,Postado,29/4/2025
content-calendar--24,24,[FUTEBOL] Brasil Sediará a Copa do Mundo de Futebol Feminino 2027: Um Olhar na Evolução do Futebol Feminino no País,Podcast sobre o artigo,Podcast,Spotify,Brain Sports,Spotify Brain Sports (Podcast),https://open.spotify.com/episode/4QPA2iQpUYkqtovkahoheg?si=6FKEan_hSK6suIsMhgET5A,Postado,23/5/2024
content-calendar--25,25,[TECNOLOGIA] A Revolução Esportiva que Já Começou: Como a IA Está Mudando Tudo,Podcast sobre o artigo,Podcast,Spotify,Brain Sports,Spotify Brain Sports (Podcast),https://open.spotify.com/episode/4h3UHFxH84k0Fbx5cDQS4N?si=vbXqJ1qnRD2v6M6AaUABBw,Postado,15/12/2025
content-calendar--28,28,"""[NEGÓCIOS] Se fosse uma empresa, seu clube sobreviveria sem uma área comercial forte?""",Podcast sobre o artigo,Podcast,Spotify,Brain Sports,Spotify Brain Sports (Podcast),https://open.spotify.com/episode/70zlTT062Tgs3UOTrHnhIq?si=cuHtXpzXQAaDop8gniJrHg,Postado,20/10/2025
content-calendar--29,29,[NEGÓCIOS] O que o Ajax pode ensinar aos clubes brasileiros sobre sustentabilidade financeira,Podcast sobre o artigo,Podcast,Spotify,Brain Sports,Spotify Brain Sports (Podcast),https://open.spotify.com/episode/5VfwaWuEaSdX5XtSQy4x0X?si=snElcmbjQk24gbWBlHcaaw,Postado,24/10/2025
content-calendar--30,30,[TECNOLOGIA] Se você acha que a CazéTV revolucionou a transmissão esportiva… espere só até a tecnologia entrar de vez em campo.,Podcast sobre o artigo,Podcast,Spotify,Brain Sports,Spotify Brain Sports (Podcast),https://open.spotify.com/episode/7tjmIRsinnYXRJdksjVkAL?si=fOddjXlaSAKD3_tSK8DprQ,Postado,3/11/2025
content-calendar--31,31,"""[TECNOLOGIA] A próxima revolução esportiva não virá do campo, virá dos algoritmos""",Podcast sobre o artigo,Podcast,Spotify,Brain Sports,Spotify Brain Sports (Podcast),https://spotifycreators-web.app.link/e/tUX6T47A9Yb,Postado,27/10/2025
content-calendar--32,32,[ANÁLISE] Batalha dos Sexos: debate por equidade ou espetáculo que reforça hierarquias?,Podcast sobre o artigo,Podcast,Spotify,Brain Sports,Spotify Brain Sports (Podcast),https://open.spotify.com/episode/4sKXoFoZSmcnc3WjbpxmLF?si=0iYVoADORziAFYrQgnhRMg,Postado,30/12/2025
content-calendar--33,33,[NEGÓCIOS] Os Primeiros 90 Dias na Gestão de Negócios do Clube,Artigo,Artigo,Medium,Lucas Oaigen,Medium Lucas Oaigen (Artigo),https://medium.com/@lucasleusin/os-primeiros-90-dias-ao-assumir-o-departamento-de-negócios-de-um-clube-de-futebol-d1b2a31ecd31,Postado,17/11/2025
content-calendar--34,34,[GESTÃO] Fair Play Financeiro: o que muda no futebol brasileiro?,Artigo,Artigo,Medium,Lucas Oaigen,Medium Lucas Oaigen (Artigo),https://medium.com/@lucasleusin/fair-play-financeiro-o-que-muda-no-futebol-brasileiro-04a02637cdc7,Postado,27/11/2025
content-calendar--35,35,"""[NEGÓCIOS] Naming Rights não salvam clubes. Mas sem eles, muitos ficam para trás.""",Artigo,Artigo,Medium,Lucas Oaigen,Medium Lucas Oaigen (Artigo),https://medium.com/@lucasleusin/naming-rights-n%C3%A3o-salvam-clubes-mas-sem-eles-muitos-ficam-para-tr%C3%A1s-48d34feacce9,Postado,29/12/2025
content-calendar--36,36,[TECNOLOGIA] IA Humanizando Cada Passo do Torcedor,Artigo,Artigo,Medium,Lucas Oaigen,Medium Lucas Oaigen (Artigo),https://medium.com/@lucasleusin/a-evolução-da-inteligência-artificial-no-relacionamento-com-o-torcedor-o-futuro-da-experiência-no-a84ac5caef54,Postado,8/12/2025
content-calendar--37,37,[NEGÓCIOS] Sócio Gratuito Funciona? A Estratégia Freemium no Futebol,Artigo,Artigo,Medium,Lucas Oaigen,Medium Lucas Oaigen (Artigo),https://medium.com/@lucasleusin/s%C3%B3cio-gratuito-funciona-a-estrat%C3%A9gia-freemium-no-futebol-463b3631f538,Postado,22/12/2025
content-calendar--38,38,[GESTÃO] Por que um clube de futebol deveria ter um PMO,Artigo,Artigo,Medium,Lucas Oaigen,Medium Lucas Oaigen (Artigo),https://medium.com/@lucasleusin/por-que-um-clube-de-futebol-precisa-de-um-pmo-e-por-que-isso-não-é-luxo-f1ecf7ec5698,Postado,30/11/2025
content-calendar--39,39,[GESTÃO] Por Que Tantos Clubes Não Conseguem Tirar o Planejamento Estratégico do Papel?,Artigo,Artigo,Medium,Lucas Oaigen,Medium Lucas Oaigen (Artigo),https://medium.com/@lucasleusin/por-que-tantos-clubes-n%C3%A3o-conseguem-tirar-o-planejamento-estrat%C3%A9gico-do-papel-1ce72d239cdb,Postado,3/11/2025
content-calendar--40,40,[NEGÓCIOS] Depois do Boom das Bets: Qual Será a Próxima Grande Fonte de Receita do Futebol?,Artigo,Artigo,Medium,Lucas Oaigen,Medium Lucas Oaigen (Artigo),https://medium.com/@lucasleusin/71d8e5c996d5,Postado,27/10/2025
content-calendar--41,41,[NEGÓCIOS] A Imagem do Atleta Como Ativo Estratégico: Reflexões a Partir da Fórmula 1,Artigo,Artigo,Medium,Lucas Oaigen,Medium Lucas Oaigen (Artigo),https://medium.com/@lucasleusin/a-imagem-do-atleta-como-ativo-estratégico-reflexões-a-partir-da-fórmula-1-219b5f989a9c,Postado,24/7/2025
content-calendar--42,42,"""[TECNOLOGIA] A Web Não Está Morta, Mas Está Mudando: Como a IA Está Redefinindo Tudo""",Artigo,Artigo,Medium,Lucas Oaigen,Medium Lucas Oaigen (Artigo),https://medium.com/@lucasleusin/a-web-não-está-morta-mas-está-mudando-como-a-ia-está-redefinindo-tudo-2f71a0aefe40,Postado,6/5/2025
content-calendar--43,43,[TECNOLOGIA] O quanto sua organização esportiva está atrasada? A tecnologia já mostra.,Artigo,Artigo,Medium,Lucas Oaigen,Medium Lucas Oaigen (Artigo),https://medium.com/@lucasleusin/o-quanto-sua-organiza%C3%A7%C3%A3o-esportiva-est%C3%A1-atrasada-a-tecnologia-j%C3%A1-mostra-7cea1334e7b7,Postado,29/4/2025
content-calendar--44,44,[OUTRO] De São Gonçalo ao Real Madrid: O Segredo do Sucesso de Vinicius Junior Que Você Precisa Conhecer!,Artigo,Artigo,Medium,Lucas Oaigen,Medium Lucas Oaigen (Artigo),https://medium.com/@lucasleusin/de-s%C3%A3o-gon%C3%A7alo-ao-real-madrid-o-segredo-do-sucesso-de-vinicius-junior-que-voc%C3%AA-precisa-conhecer-5f91fe4841a2,Postado,18/6/2024
content-calendar--45,45,[TECNOLOGIA] Apresentando o GPT-4o: Um Avanço na IA com Demonstrações de Reconhecimento de Imagens em Esportes,Artigo,Artigo,Medium,Lucas Oaigen,Medium Lucas Oaigen (Artigo),https://medium.com/@lucasleusin/apresentando-o-gpt-4o-um-avan%C3%A7o-na-ia-com-demonstra%C3%A7%C3%B5es-de-reconhecimento-de-imagens-em-esportes-1c17c96002bc,Postado,23/5/2024
content-calendar--46,46,[FUTEBOL] Como a Inteligência Artificial pode Revolucionar a Gestão de Talentos no Futebol de Base,Artigo,Artigo,Medium,Lucas Oaigen,Medium Lucas Oaigen (Artigo),https://medium.com/@lucasleusin/como-a-intelig%C3%AAncia-artificial-pode-revolucionar-a-gest%C3%A3o-de-talentos-no-futebol-de-base-c548714a8013,Postado,15/5/2024
content-calendar--47,47,[FUTEBOL] Brasil Sediará a Copa do Mundo de Futebol Feminino 2027: Um Olhar na Evolução do Futebol Feminino no País,Artigo,Artigo,Medium,Lucas Oaigen,Medium Lucas Oaigen (Artigo),https://medium.com/@lucasleusin/brasil-sediar%C3%A1-a-copa-do-mundo-de-futebol-feminino-2027-um-olhar-na-evolu%C3%A7%C3%A3o-do-futebol-feminino-b8685018c507,Postado,23/5/2024
content-calendar--48,48,[TECNOLOGIA] A Revolução Esportiva que Já Começou: Como a IA Está Mudando Tudo,Artigo,Artigo,Medium,Lucas Oaigen,Medium Lucas Oaigen (Artigo),https://medium.com/@lucasleusin/a-revolu%C3%A7%C3%A3o-esportiva-que-todos-est%C3%A3o-falando-ia-em-a%C3%A7%C3%A3o-15dd75a56d9f,Postado,15/12/2025
content-calendar--49,49,"""[NEGÓCIOS] Se fosse uma empresa, seu clube sobreviveria sem uma área comercial forte?""",Artigo,Artigo,Medium,Lucas Oaigen,Medium Lucas Oaigen (Artigo),https://medium.com/@lucasleusin/se-fosse-uma-empresa-seu-clube-sobreviveria-sem-uma-%C3%A1rea-comercial-forte-9a319bc3f310,Postado,20/10/2025
content-calendar--50,50,[NEGÓCIOS] O que o Ajax pode ensinar aos clubes brasileiros sobre sustentabilidade financeira,Artigo,Artigo,Medium,Lucas Oaigen,Medium Lucas Oaigen (Artigo),https://medium.com/@lucasleusin/o-que-o-ajax-pode-ensinar-aos-clubes-brasileiros-sobre-sustentabilidade-financeira-08bf6980b147,Postado,24/10/2025
content-calendar--51,51,[TECNOLOGIA] Se você acha que a CazéTV revolucionou a transmissão esportiva… espere só até a tecnologia entrar de vez em campo.,Artigo,Artigo,Medium,Lucas Oaigen,Medium Lucas Oaigen (Artigo),https://medium.com/@lucasleusin/se-voc%C3%AA-acha-que-a-caz%C3%A9tv-revolucionou-a-transmiss%C3%A3o-esportiva-espere-s%C3%B3-at%C3%A9-a-tecnologia-entrar-d152a5cdb451,Postado,3/11/2025
content-calendar--52,52,"""[TECNOLOGIA] A próxima revolução esportiva não virá do campo, virá dos algoritmos""",Artigo,Artigo,Medium,Lucas Oaigen,Medium Lucas Oaigen (Artigo),https://medium.com/@lucasleusin/a-pr%C3%B3xima-revolu%C3%A7%C3%A3o-esportiva-n%C3%A3o-vir%C3%A1-do-campo-vir%C3%A1-dos-algoritmos-f440292d14c0,Postado,27/10/2025
content-calendar--53,53,[ANÁLISE] Batalha dos Sexos: debate por equidade ou espetáculo que reforça hierarquias?,Artigo,Artigo,Medium,Lucas Oaigen,Medium Lucas Oaigen (Artigo),https://medium.com/@lucasleusin/batalha-dos-sexos-debate-por-equidade-ou-espet%C3%A1culo-que-refor%C3%A7a-hierarquias-8e173378212a,Postado,30/12/2025
content-calendar--54,54,[NEGÓCIOS] Os Primeiros 90 Dias na Gestão de Negócios do Clube,Divulgação do Artigo no LinkedIn,Post,LinkedIn,Lucas Oaigen,LinkedIn Lucas Oaigen (Post),https://www.linkedin.com/posts/lucas-oaigen_os-primeiros-90-dias-ao-assumir-o-departamento-activity-7396341162262831104-lvMT?utm_source=share&utm_medium=member_desktop&rcm=ACoAAAIzx0UBphsTkJbkg4LsApngWkOema-KSk8,Postado,17/11/2025
content-calendar--55,55,[GESTÃO] Fair Play Financeiro: o que muda no futebol brasileiro?,Divulgação do Artigo no LinkedIn,Post,LinkedIn,Lucas Oaigen,LinkedIn Lucas Oaigen (Post),https://www.linkedin.com/posts/lucas-oaigen_o-fair-play-financeiro-da-cbf-est%C3%A1-chegando-activity-7400175537668759553-F50K?utm_source=share&utm_medium=member_desktop&rcm=ACoAAAIzx0UBphsTkJbkg4LsApngWkOema-KSk8,Postado,27/11/2025
content-calendar--56,56,"""[NEGÓCIOS] Naming Rights não salvam clubes. Mas sem eles, muitos ficam para trás.""",Divulgação do Artigo no LinkedIn,Post,LinkedIn,Lucas Oaigen,LinkedIn Lucas Oaigen (Post),https://www.linkedin.com/posts/lucas-oaigen_naming-rights-n%C3%A3o-salvam-clubes-mas-sem-activity-7411375510762668033-NIuR?utm_source=share&utm_medium=member_desktop&rcm=ACoAAAIzx0UBphsTkJbkg4LsApngWkOema-KSk8,Postado,29/12/2025
content-calendar--57,57,[TECNOLOGIA] IA Humanizando Cada Passo do Torcedor,Divulgação do Artigo no LinkedIn,Post,LinkedIn,Lucas Oaigen,LinkedIn Lucas Oaigen (Post),https://www.linkedin.com/posts/lucas-oaigen_a-evolu%C3%A7%C3%A3o-da-ia-no-relacionamento-com-activity-7403765381141659648-8HrZ?utm_source=share&utm_medium=member_desktop&rcm=ACoAAAIzx0UBphsTkJbkg4LsApngWkOema-KSk8,Postado,8/12/2025
content-calendar--58,58,[NEGÓCIOS] Sócio Gratuito Funciona? A Estratégia Freemium no Futebol,Divulgação do Artigo no LinkedIn,Post,LinkedIn,Lucas Oaigen,LinkedIn Lucas Oaigen (Post),https://www.linkedin.com/posts/lucas-oaigen_s%C3%B3cio-gratuito-funciona-a-estrat%C3%A9gia-freemium-activity-7408838743916429312-uhoK?utm_source=share&utm_medium=member_desktop&rcm=ACoAAAIzx0UBphsTkJbkg4LsApngWkOema-KSk8,Postado,22/12/2025
content-calendar--59,59,[GESTÃO] Por que um clube de futebol deveria ter um PMO,Divulgação do Artigo no LinkedIn,Post,LinkedIn,Lucas Oaigen,LinkedIn Lucas Oaigen (Post),https://www.linkedin.com/posts/lucas-oaigen_por-que-um-clube-de-futebol-deveria-ter-um-activity-7401258863456358400-L17e?utm_source=share&utm_medium=member_desktop&rcm=ACoAAAIzx0UBphsTkJbkg4LsApngWkOema-KSk8,Postado,30/11/2025
content-calendar--60,60,[GESTÃO] Por Que Tantos Clubes Não Conseguem Tirar o Planejamento Estratégico do Papel?,Divulgação do Artigo no LinkedIn,Post,LinkedIn,Lucas Oaigen,LinkedIn Lucas Oaigen (Post),https://www.linkedin.com/posts/lucas-oaigen_mapa-de-performance-estrat%C3%A9gica-lucas-oaigen-activity-7391614017401749504-ibgL?utm_source=share&utm_medium=member_desktop&rcm=ACoAAAIzx0UBphsTkJbkg4LsApngWkOema-KSk8,Postado,3/11/2025
content-calendar--61,61,[NEGÓCIOS] Depois do Boom das Bets: Qual Será a Próxima Grande Fonte de Receita do Futebol?,Divulgação do Artigo no LinkedIn,Post,LinkedIn,Lucas Oaigen,LinkedIn Lucas Oaigen (Post),https://www.linkedin.com/posts/lucas-oaigen_do-boom-das-bets-%C3%A0-nova-onda-ser%C3%A1-que-activity-7388592992028164096-9-I4?utm_source=share&utm_medium=member_desktop&rcm=ACoAAAIzx0UBphsTkJbkg4LsApngWkOema-KSk8,Postado,27/10/2025
content-calendar--62,62,[NEGÓCIOS] A Imagem do Atleta Como Ativo Estratégico: Reflexões a Partir da Fórmula 1,Divulgação do Artigo no LinkedIn,Post,LinkedIn,Lucas Oaigen,LinkedIn Lucas Oaigen (Post),https://www.linkedin.com/posts/lucas-oaigen_marketingesportivo-futebol-gestaetoesportiva-activity-7354327781821874177-y5Wv?utm_source=share&utm_medium=member_desktop&rcm=ACoAAAIzx0UBphsTkJbkg4LsApngWkOema-KSk8,Postado,24/7/2025
content-calendar--63,63,"""[TECNOLOGIA] A Web Não Está Morta, Mas Está Mudando: Como a IA Está Redefinindo Tudo""",Divulgação do Artigo no LinkedIn,Post,LinkedIn,Lucas Oaigen,LinkedIn Lucas Oaigen (Post),https://www.linkedin.com/posts/lucas-oaigen_generativeai-futureofweb-chatgpt-activity-7325672812507992068-0Qe1?utm_source=share&utm_medium=member_desktop&rcm=ACoAAAIzx0UBphsTkJbkg4LsApngWkOema-KSk8,Postado,6/5/2025
content-calendar--64,64,[TECNOLOGIA] O quanto sua organização esportiva está atrasada? A tecnologia já mostra.,Divulgação do Artigo no LinkedIn,Post,LinkedIn,Lucas Oaigen,LinkedIn Lucas Oaigen (Post),https://www.linkedin.com/posts/lucas-oaigen_technology-is-evolving-fast-human-like-robots-activity-7323024295125790720-mQJQ?utm_source=share&utm_medium=member_desktop&rcm=ACoAAAIzx0UBphsTkJbkg4LsApngWkOema-KSk8,Postado,29/4/2025
content-calendar--65,65,[OUTRO] De São Gonçalo ao Real Madrid: O Segredo do Sucesso de Vinicius Junior Que Você Precisa Conhecer!,Divulgação do Artigo no LinkedIn,Post,LinkedIn,Lucas Oaigen,LinkedIn Lucas Oaigen (Post),https://www.linkedin.com/posts/lucas-oaigen_vinijunior-againstracism-viniciusjunior-activity-7208808022226128897-LwLy?utm_source=share&utm_medium=member_desktop&rcm=ACoAAAIzx0UBphsTkJbkg4LsApngWkOema-KSk8,Postado,18/6/2024
content-calendar--66,66,[TECNOLOGIA] Apresentando o GPT-4o: Um Avanço na IA com Demonstrações de Reconhecimento de Imagens em Esportes,Divulgação do Artigo no LinkedIn,Post,LinkedIn,Lucas Oaigen,LinkedIn Lucas Oaigen (Post),https://www.linkedin.com/posts/lucas-oaigen_ai-openai-gpt4o-activity-7195884572771840000-hcIb?utm_source=share&utm_medium=member_desktop&rcm=ACoAAAIzx0UBphsTkJbkg4LsApngWkOema-KSk8,Postado,23/5/2024
content-calendar--67,67,[FUTEBOL] Como a Inteligência Artificial pode Revolucionar a Gestão de Talentos no Futebol de Base,Divulgação do Artigo no LinkedIn,Post,LinkedIn,Lucas Oaigen,LinkedIn Lucas Oaigen (Post),https://www.linkedin.com/posts/lucas-oaigen_ia-inteligenciaartifical-gestaoesportiva-activity-7189958998450675713-L0Mq?utm_source=share&utm_medium=member_desktop&rcm=ACoAAAIzx0UBphsTkJbkg4LsApngWkOema-KSk8,Postado,15/5/2024
content-calendar--68,68,[FUTEBOL] Brasil Sediará a Copa do Mundo de Futebol Feminino 2027: Um Olhar na Evolução do Futebol Feminino no País,Divulgação do Artigo no LinkedIn,Post,LinkedIn,Lucas Oaigen,LinkedIn Lucas Oaigen (Post),https://www.linkedin.com/posts/lucas-oaigen_womenfootball-fifawwc-fifawwc2027-activity-7199710766046814209-rJ4K?utm_source=share&utm_medium=member_desktop&rcm=ACoAAAIzx0UBphsTkJbkg4LsApngWkOema-KSk8,Postado,23/5/2024
content-calendar--69,69,[TECNOLOGIA] A Revolução Esportiva que Já Começou: Como a IA Está Mudando Tudo,Divulgação do Artigo no LinkedIn,Post,LinkedIn,Lucas Oaigen,LinkedIn Lucas Oaigen (Post),https://www.linkedin.com/posts/lucas-oaigen_sportstech-iagenerativa-inteligenciaartificial-activity-7406302198621691904-NVm_?utm_source=share&utm_medium=member_desktop&rcm=ACoAAAIzx0UBphsTkJbkg4LsApngWkOema-KSk8,Postado,15/12/2025
content-calendar--70,70,[TECNOLOGIA] Biometria nos Estádios - Minha visão e convite para debater como vocês têm tratado esse assunto em seus clubes ou arenas?,Divulgação do Artigo no LinkedIn,Post,LinkedIn,Lucas Oaigen,LinkedIn Lucas Oaigen (Post),https://www.linkedin.com/posts/lucas-oaigen_gestaodeestaerdios-futebolbrasileiro-biometria-activity-7345639320050909185-mxbK?utm_source=share&utm_medium=member_desktop&rcm=ACoAAAIzx0UBphsTkJbkg4LsApngWkOema-KSk8,Postado,23/6/2025
content-calendar--71,71,[OUTRO] Aprendizados de um Início de Jornada no Futebol,Divulgação do Artigo no LinkedIn,Post,LinkedIn,Lucas Oaigen,LinkedIn Lucas Oaigen (Post),https://www.linkedin.com/posts/lucas-oaigen_aprendizados-de-um-in%C3%ADcio-de-jornada-no-futebol-activity-7371258463458365440-YVW6?utm_source=share&utm_medium=member_desktop&rcm=ACoAAAIzx0UBphsTkJbkg4LsApngWkOema-KSk8,Postado,6/10/2025
content-calendar--72,72,"""[NEGÓCIOS] Se fosse uma empresa, seu clube sobreviveria sem uma área comercial forte?""",Divulgação do Artigo no LinkedIn,Post,LinkedIn,Lucas Oaigen,LinkedIn Lucas Oaigen (Post),https://www.linkedin.com/posts/lucas-oaigen_gestaetoesportiva-futebol-marketingesportivo-activity-7375902968128098305-yAJp?utm_source=share&utm_medium=member_desktop&rcm=ACoAAAIzx0UBphsTkJbkg4LsApngWkOema-KSk8,Postado,20/10/2025
content-calendar--73,73,[NEGÓCIOS] O que o Ajax pode ensinar aos clubes brasileiros sobre sustentabilidade financeira,Divulgação do Artigo no LinkedIn,Post,LinkedIn,Lucas Oaigen,LinkedIn Lucas Oaigen (Post),https://www.linkedin.com/posts/lucas-oaigen_o-que-o-ajax-pode-ensinar-aos-clubes-brasileiros-activity-7379185702758146048-5xBo?utm_source=share&utm_medium=member_desktop&rcm=ACoAAAIzx0UBphsTkJbkg4LsApngWkOema-KSk8,Postado,24/10/2025
content-calendar--74,74,[TECNOLOGIA] Se você acha que a CazéTV revolucionou a transmissão esportiva… espere só até a tecnologia entrar de vez em campo.,Divulgação do Artigo no LinkedIn,Post,LinkedIn,Lucas Oaigen,LinkedIn Lucas Oaigen (Post),https://www.linkedin.com/posts/lucas-oaigen_mlb-app-now-available-for-android-xr-activity-7387550796881752064-BVZO?utm_source=share&utm_medium=member_desktop&rcm=ACoAAAIzx0UBphsTkJbkg4LsApngWkOema-KSk8,Postado,3/11/2025
content-calendar--75,75,"""[TECNOLOGIA] A próxima revolução esportiva não virá do campo, virá dos algoritmos""",Divulgação do Artigo no LinkedIn,Post,LinkedIn,Lucas Oaigen,LinkedIn Lucas Oaigen (Post),https://www.linkedin.com/posts/lucas-oaigen_ai-transforming-uae-sports-with-innovation-activity-7388663867364626432-SnlP?utm_source=share&utm_medium=member_desktop&rcm=ACoAAAIzx0UBphsTkJbkg4LsApngWkOema-KSk8,Postado,27/10/2025
content-calendar--76,76,[ANÁLISE] Batalha dos Sexos: debate por equidade ou espetáculo que reforça hierarquias?,Divulgação do Artigo no LinkedIn,Post,LinkedIn,Lucas Oaigen,LinkedIn Lucas Oaigen (Post),https://www.linkedin.com/posts/lucas-oaigen_batalha-dos-sexos-debate-por-equidade-ou-activity-7411738170037473280-1Y2m?utm_source=share&utm_medium=member_desktop&rcm=ACoAAAIzx0UBphsTkJbkg4LsApngWkOema-KSk8,Postado,30/12/2025
content-calendar--77,77,[NEGÓCIOS] Os Primeiros 90 Dias na Gestão de Negócios do Clube,Post do Artigo no Insta,Post,Instagram,Brain Sports,Instagram Brain Sports (Post),https://www.instagram.com/p/DSc0TApEbSI/?utm_source=ig_web_copy_link&igsh=MzRlODBiNWFlZA==,Postado,17/11/2025
content-calendar--78,78,[GESTÃO] Fair Play Financeiro: o que muda no futebol brasileiro?,Post do Artigo no Insta,Post,Instagram,Brain Sports,Instagram Brain Sports (Post),https://www.instagram.com/p/DSm7AzejXOB/?utm_source=ig_web_copy_link&igsh=MzRlODBiNWFlZA==,Postado,27/11/2025
content-calendar--79,79,"""[NEGÓCIOS] Naming Rights não salvam clubes. Mas sem eles, muitos ficam para trás.""",Post do Artigo no Insta,Post,Instagram,Brain Sports,Instagram Brain Sports (Post),https://www.instagram.com/p/DS2T4FLEQgq/?utm_source=ig_web_copy_link&igsh=MzRlODBiNWFlZA==,Postado,29/12/2025
content-calendar--80,80,[TECNOLOGIA] IA Humanizando Cada Passo do Torcedor,Post do Artigo no Insta,Post,Instagram,Brain Sports,Instagram Brain Sports (Post),https://www.instagram.com/p/DSniu2ykWyh/?utm_source=ig_web_copy_link&igsh=MzRlODBiNWFlZA==,Postado,8/12/2025
content-calendar--81,81,[NEGÓCIOS] Sócio Gratuito Funciona? A Estratégia Freemium no Futebol,Post do Artigo no Insta,Post,Instagram,Brain Sports,Instagram Brain Sports (Post),https://www.instagram.com/p/DSnlGeZkT6G/?utm_source=ig_web_copy_link&igsh=MzRlODBiNWFlZA==,Postado,22/12/2025
content-calendar--82,82,[GESTÃO] Por que um clube de futebol deveria ter um PMO,Post do Artigo no Insta,Post,Instagram,Brain Sports,Instagram Brain Sports (Post),https://www.instagram.com/p/DSniRkNkTZ4/?utm_source=ig_web_copy_link&igsh=MzRlODBiNWFlZA==,Postado,30/11/2025
content-calendar--83,83,[GESTÃO] Por Que Tantos Clubes Não Conseguem Tirar o Planejamento Estratégico do Papel?,Post do Artigo no Insta,Post,Instagram,Brain Sports,Instagram Brain Sports (Post),https://www.instagram.com/p/DSmzYBGEUIz/?utm_source=ig_web_copy_link&igsh=MzRlODBiNWFlZA==,Postado,3/11/2025
content-calendar--84,84,[NEGÓCIOS] Depois do Boom das Bets: Qual Será a Próxima Grande Fonte de Receita do Futebol?,Post do Artigo no Insta,Post,Instagram,Brain Sports,Instagram Brain Sports (Post),https://www.instagram.com/p/DSmwi06kfbc/?utm_source=ig_web_copy_link&igsh=MzRlODBiNWFlZA==,Postado,27/10/2025
content-calendar--85,85,[NEGÓCIOS] A Imagem do Atleta Como Ativo Estratégico: Reflexões a Partir da Fórmula 1,Post do Artigo no Insta,Post,Instagram,Brain Sports,Instagram Brain Sports (Post),https://www.instagram.com/p/DSimGSTEewb/?utm_source=ig_web_copy_link&igsh=MzRlODBiNWFlZA==,Postado,24/7/2025
content-calendar--86,86,"""[TECNOLOGIA] A Web Não Está Morta, Mas Está Mudando: Como a IA Está Redefinindo Tudo""",Post do Artigo no Insta,Post,Instagram,Brain Sports,Instagram Brain Sports (Post),https://www.instagram.com/p/DSilBYUEXMN/?utm_source=ig_web_copy_link&igsh=MzRlODBiNWFlZA==,Postado,6/5/2025
content-calendar--87,87,[TECNOLOGIA] O quanto sua organização esportiva está atrasada? A tecnologia já mostra.,Post do Artigo no Insta,Post,Instagram,Brain Sports,Instagram Brain Sports (Post),https://www.instagram.com/p/DSikV80Ec3S/?utm_source=ig_web_copy_link&igsh=MzRlODBiNWFlZA==,Postado,29/4/2025
content-calendar--88,88,[OUTRO] De São Gonçalo ao Real Madrid: O Segredo do Sucesso de Vinicius Junior Que Você Precisa Conhecer!,Post do Artigo no Insta,Post,Instagram,Brain Sports,Instagram Brain Sports (Post),https://www.instagram.com/p/DSc23NokSFP/?utm_source=ig_web_copy_link&igsh=MzRlODBiNWFlZA==,Postado,18/6/2024
content-calendar--89,89,[FUTEBOL] Brasil Sediará a Copa do Mundo de Futebol Feminino 2027: Um Olhar na Evolução do Futebol Feminino no País,Post do Artigo no Insta,Post,Instagram,Brain Sports,Instagram Brain Sports (Post),https://www.instagram.com/p/DSTQZMSkVIB/?utm_source=ig_web_copy_link&igsh=MzRlODBiNWFlZA==,Postado,23/5/2024
content-calendar--90,90,[TECNOLOGIA] A Revolução Esportiva que Já Começou: Como a IA Está Mudando Tudo,Post do Artigo no Insta,Post,Instagram,Brain Sports,Instagram Brain Sports (Post),https://www.instagram.com/p/DSnj3hNETYG/?utm_source=ig_web_copy_link&igsh=MzRlODBiNWFlZA==,Postado,15/12/2025
content-calendar--91,91,"""[NEGÓCIOS] Se fosse uma empresa, seu clube sobreviveria sem uma área comercial forte?""",Post do Artigo no Insta,Post,Instagram,Brain Sports,Instagram Brain Sports (Post),https://www.instagram.com/p/DSim908kdfF/?utm_source=ig_web_copy_link&igsh=MzRlODBiNWFlZA==,Postado,20/10/2025
content-calendar--92,92,[NEGÓCIOS] O que o Ajax pode ensinar aos clubes brasileiros sobre sustentabilidade financeira,Post do Artigo no Insta,Post,Instagram,Brain Sports,Instagram Brain Sports (Post),https://www.instagram.com/p/DSiohdTEf2b/?utm_source=ig_web_copy_link&igsh=MzRlODBiNWFlZA==,Postado,24/10/2025
content-calendar--93,93,[TECNOLOGIA] Se você acha que a CazéTV revolucionou a transmissão esportiva… espere só até a tecnologia entrar de vez em campo.,Post do Artigo no Insta,Post,Instagram,Brain Sports,Instagram Brain Sports (Post),https://www.instagram.com/p/DSmxtu3kSBS/?utm_source=ig_web_copy_link&igsh=MzRlODBiNWFlZA==,Postado,3/11/2025
content-calendar--94,94,"""[TECNOLOGIA] A próxima revolução esportiva não virá do campo, virá dos algoritmos""",Post do Artigo no Insta,Post,Instagram,Brain Sports,Instagram Brain Sports (Post),https://www.instagram.com/p/DSlEIYGkfcb/?utm_source=ig_web_copy_link&igsh=MzRlODBiNWFlZA==,Postado,27/10/2025
content-calendar--95,95,[ANÁLISE] Batalha dos Sexos: debate por equidade ou espetáculo que reforça hierarquias?,Post do Artigo no Insta,Post,Instagram,Brain Sports,Instagram Brain Sports (Post),https://www.instagram.com/p/DS2sCNXkXMb/?utm_source=ig_web_copy_link&igsh=MzRlODBiNWFlZA==,Postado,30/12/2025
content-calendar--96,96,[ENTREVISTA] SAF não é solução mágica. Gestão vem antes do modelo.,Shorts 8 - Gerir o clube corretamente,Video Curto,Youtube,Lucas Oaigen,Youtube Lucas Oaigen (Video Curto),https://youtube.com/shorts/H2Q6o8qUIwo?feature=share,Postado,7/1/2026
content-calendar--97,97,[ENTREVISTA] SAF não é solução mágica. Gestão vem antes do modelo.,Shorts 8 - Gerir o clube corretamente,Video Curto,Instagram,Brain Sports,Instagram Brain Sports (Video Curto),,Postado,8/1/2026
content-calendar--98,98,[ENTREVISTA] SAF não é solução mágica. Gestão vem antes do modelo.,Shorts 8 do Brain Sports - Compartilhado no Stories,Video Curto,Instagram,Lucas Oaigen,Instagram Lucas Oaigen (Video Curto),,Postado,8/1/2026
content-calendar--99,99,[ENTREVISTA] SAF não é solução mágica. Gestão vem antes do modelo.,Shorts 8 - Gerir o clube corretamente,Video Curto,TikTok,Lucas Oaigen,TikTok Lucas Oaigen (Video Curto),,Postado,7/1/2026
content-calendar--100,100,[FUTEBOL] Valor ou Preço? Por que o ‘quanto vale’ um jogador quase nunca é o que se paga,Artigo Completo,Artigo,Medium,Lucas Oaigen,Medium Lucas Oaigen (Artigo),https://medium.com/@lucasleusin/quanto-vale-um-jogador-de-futebol-1e1241b09aeb,Postado,11/1/2026
content-calendar--101,101,[ENTREVISTA] SAF não é solução mágica. Gestão vem antes do modelo.,Shorts 2 - O que muda quando vira SAF,Video Curto,TikTok,Lucas Oaigen,TikTok Lucas Oaigen (Video Curto),https://www.tiktok.com/@lucasoaigen/video/7592040217180196103,Postado,5/1/2026
content-calendar--102,102,"""[TECNOLOGIA] IA, dados e futebol: o que muda com o Football AI Pro da FIFA e Lenovo""","IA, dados e futebol: o que muda com o Football AI Pro da FIFA e Lenovo",Post,LinkedIn,Lucas Oaigen,LinkedIn Lucas Oaigen (Post),https://www.linkedin.com/posts/lucas-oaigen_fifa-and-lenovo-unveil-multiple-ai-powered-activity-7414698314790588417-kVsa?utm_source=share&utm_medium=member_desktop&rcm=ACoAAAIzx0UBphsTkJbkg4LsApngWkOema-KSk8,Postado,7/1/2026
content-calendar--103,103,"""[TECNOLOGIA] IA, dados e futebol: o que muda com o Football AI Pro da FIFA e Lenovo""",Post no Instagram do BS,Post,Instagram,Brain Sports,Instagram Brain Sports (Post),https://www.instagram.com/p/DTNzckMEX63/?utm_source=ig_web_copy_link&igsh=MzRlODBiNWFlZA==,Postado,7/1/2026
content-calendar--104,104,"""[TECNOLOGIA] IA, dados e futebol: o que muda com o Football AI Pro da FIFA e Lenovo""",Share do BrainSports no Stoty,Story,Instagram,Lucas Oaigen,Instagram Lucas Oaigen (Story),,Postado,7/1/2026
content-calendar--106,106,[ENTREVISTA] SAF não é solução mágica. Gestão vem antes do modelo.,Shorts 4 - Todos clubes devem virar SAF,Video Curto,Youtube,Lucas Oaigen,Youtube Lucas Oaigen (Video Curto),https://youtube.com/shorts/ile883ZzZ6c?feature=share,Postado,13/1/2026
content-calendar--107,107,[ENTREVISTA] SAF não é solução mágica. Gestão vem antes do modelo.,Shorts 5 - A dupla Grenal deve virar SAF,Video Curto,Youtube,Lucas Oaigen,Youtube Lucas Oaigen (Video Curto),https://youtube.com/shorts/enjB_QSMP_c?feature=share,Postado,15/1/2026
content-calendar--108,108,[ENTREVISTA] SAF não é solução mágica. Gestão vem antes do modelo.,Shorts 7 - SAF não é só para clube endividado,Video Curto,Youtube,Lucas Oaigen,Youtube Lucas Oaigen (Video Curto),https://youtube.com/shorts/iCE6Ouo6LZg?feature=share,Postado,20/1/2026
content-calendar--109,109,[ENTREVISTA] SAF não é solução mágica. Gestão vem antes do modelo.,Shorts 3 - SAF veio para ficar,Video Curto,Youtube,Lucas Oaigen,Youtube Lucas Oaigen (Video Curto),https://youtube.com/shorts/gMX2TEO2gbA?feature=share,Postado,22/1/2026
content-calendar--110,110,[ENTREVISTA] Mais que um Jogo: 3 Formas Surpreendentes como a Inteligência Artificial está Reinventando o Futebol,VOD - IA nos Esportes,Video Longo,Youtube,Lucas Oaigen,Youtube Lucas Oaigen (Video Longo),https://youtu.be/RM2Hs3pCAD8,Postado,2/2/2026
content-calendar--111,111,[FUTEBOL] Valor ou Preço? Por que o ‘quanto vale’ um jogador quase nunca é o que se paga,Post do Artigo,Post,Instagram,Brain Sports,Instagram Brain Sports (Post),https://www.instagram.com/p/DTZOPPKDDhG/?utm_source=ig_web_copy_link&igsh=MzRlODBiNWFlZA==,Postado,11/1/2026
content-calendar--112,112,[FUTEBOL] Valor ou Preço? Por que o ‘quanto vale’ um jogador quase nunca é o que se paga,Post do Artigo,Post,LinkedIn,Lucas Oaigen,LinkedIn Lucas Oaigen (Post),https://www.linkedin.com/posts/lucas-oaigen_quanto-vale-um-jogador-de-futebol-na-%C3%BAltima-activity-7416540557029781504-PXiC?utm_source=share&utm_medium=member_desktop&rcm=ACoAAAIzx0UBphsTkJbkg4LsApngWkOema-KSk8,Postado,12/1/2026
content-calendar--113,113,[FUTEBOL] Valor ou Preço? Por que o ‘quanto vale’ um jogador quase nunca é o que se paga,Share post do BrAIn Sports,Story,Instagram,Lucas Oaigen,Instagram Lucas Oaigen (Story),,Postado,12/1/2026
content-calendar--114,114,[FUTEBOL] Valor ou Preço? Por que o ‘quanto vale’ um jogador quase nunca é o que se paga,Podcast completo,Podcast,Spotify,Brain Sports,Spotify Brain Sports (Podcast),https://open.spotify.com/episode/3Xl5Rv1BgzayTJ1OACEOd5?si=VM726uUWThmqqdPHzYAMog,Postado,11/1/2026
content-calendar--115,115,[ENTREVISTA] SAF não é solução mágica. Gestão vem antes do modelo.,Shorts 4 - Todos clubes devem virar SAF,Video Curto,Instagram,Brain Sports,Instagram Brain Sports (Video Curto),https://www.instagram.com/reel/DTdgttNEZrn/?utm_source=ig_web_copy_link&igsh=MzRlODBiNWFlZA==,Postado,13/1/2026
content-calendar--116,116,[ENTREVISTA] SAF não é solução mágica. Gestão vem antes do modelo.,Shorts 4 - Todos clubes devem virar SAF,Story,Instagram,Lucas Oaigen,Instagram Lucas Oaigen (Story),,Postado,13/1/2026
content-calendar--117,117,[ENTREVISTA] SAF não é solução mágica. Gestão vem antes do modelo.,Shorts 5 - A dupla Grenal deve virar SAF,Video Curto,TikTok,Lucas Oaigen,TikTok Lucas Oaigen (Video Curto),https://www.tiktok.com/@lucasoaigen/video/7595644347291421959,Postado,15/1/2026
content-calendar--118,118,[ENTREVISTA] SAF não é solução mágica. Gestão vem antes do modelo.,Shorts 4 - Todos clubes devem virar SAF,Video Curto,TikTok,Lucas Oaigen,TikTok Lucas Oaigen (Video Curto),https://www.tiktok.com/@lucasoaigen/video/7594912643568176392?is_from_webapp=1&sender_device=pc&web_id=7537536583667287608,Postado,13/1/2026
content-calendar--119,119,[ENTREVISTA] SAF não é solução mágica. Gestão vem antes do modelo.,Shorts 7 - SAF não é só para clube endividado,Video Curto,TikTok,Lucas Oaigen,TikTok Lucas Oaigen (Video Curto),https://www.tiktok.com/@lucasoaigen/video/7597492025453317394,Postado,20/1/2026
content-calendar--120,120,[ENTREVISTA] SAF não é solução mágica. Gestão vem antes do modelo.,Shorts 3 - SAF veio para ficar,Video Curto,TikTok,Lucas Oaigen,TikTok Lucas Oaigen (Video Curto),https://www.tiktok.com/@lucasoaigen/video/7598357707921345810,Postado,22/1/2026
content-calendar--121,121,[NEGÓCIOS] Patrocínio Esportivo: Do Modelo de Tabela à Engenharia de Soluções de Negócio,Como Vender Patrocínio Sem Virar Tabela de Preço,Artigo,Medium,Lucas Oaigen,Medium Lucas Oaigen (Artigo),https://medium.com/@lucasleusin/patroc%C3%ADnio-esportivo-do-modelo-de-tabela-%C3%A0-engenharia-de-solu%C3%A7%C3%B5es-de-neg%C3%B3cio-59810495c387,Postado,19/1/2026
content-calendar--122,122,[ENTREVISTA] Gestão Esportiva e Fair Play: O Fim do Amadorismo?,VOD - Gestão Esportiva e Fair Play,Video Longo,Youtube,Lucas Oaigen,Youtube Lucas Oaigen (Video Longo),https://youtu.be/q6TYyiDFBpU,Postado,26/1/2026
content-calendar--123,123,[GESTÃO] SAF na Prática: O Que Muda Dentro do Clube Depois da Transformação,Shorts 5 - A dupla Grenal deve virar SAF,Video Curto,Instagram,Brain Sports,Instagram Brain Sports (Video Curto),https://www.instagram.com/reel/DTikUUtEyk9/?utm_source=ig_web_copy_link&igsh=MzRlODBiNWFlZA==,Postado,15/1/2026
content-calendar--124,124,[ENTREVISTA] SAF não é solução mágica. Gestão vem antes do modelo.,Shorts 5 - A dupla Grenal deve virar SAF,Story,Instagram,Lucas Oaigen,Instagram Lucas Oaigen (Story),,Postado,15/1/2026
content-calendar--125,125,[ENTREVISTA] SAF não é solução mágica. Gestão vem antes do modelo.,Shorts 7 - SAF não é só para clube endividado,Video Curto,Instagram,Brain Sports,Instagram Brain Sports (Video Curto),https://www.instagram.com/reel/DTvZd8qk0Js/?utm_source=ig_web_copy_link&igsh=MzRlODBiNWFlZA==,Postado,20/1/2026
content-calendar--126,126,[ENTREVISTA] SAF não é solução mágica. Gestão vem antes do modelo.,Shorts 7 - SAF não é só para clube endividado,Story,Instagram,Lucas Oaigen,Instagram Lucas Oaigen (Story),,Postado,20/1/2026
content-calendar--129,129,[ENTREVISTA] Gestão Esportiva e Fair Play: O Fim do Amadorismo?,Podcast da Entrevista,Podcast,Spotify,Brain Sports,Spotify Brain Sports (Podcast),https://open.spotify.com/episode/6a3xzOcUR8JWTvrWGosEsJ?si=VHvCeJowSxKvqwH4rlCEKg,Postado,26/1/2026
content-calendar--130,130,[ENTREVISTA] Gestão Esportiva e Fair Play: O Fim do Amadorismo?,Post sobre video completo,Post,LinkedIn,Lucas Oaigen,LinkedIn Lucas Oaigen (Post),https://www.linkedin.com/posts/lucas-oaigen_gest%C3%A3o-esportiva-e-fair-play-o-fim-do-amadorismo-activity-7421549031123877888-NQtU?utm_source=share&utm_medium=member_desktop&rcm=ACoAAAIzx0UBphsTkJbkg4LsApngWkOema-KSk8,Postado,26/1/2026
content-calendar--131,131,[ENTREVISTA] Gestão Esportiva e Fair Play: O Fim do Amadorismo?,Post sobre video completo,Post,Instagram,Brain Sports,Instagram Brain Sports (Post),https://www.instagram.com/p/DT-lNNRDdJu/?utm_source=ig_web_copy_link&igsh=MzRlODBiNWFlZA==,Postado,26/1/2026
content-calendar--133,133,[ENTREVISTA] Gestão Esportiva e Fair Play: O Fim do Amadorismo?,Artigo completo sobre a entrevista e SAF,Artigo,Medium,Lucas Oaigen,Medium Lucas Oaigen (Artigo),https://medium.com/@lucasleusin/gest%C3%A3o-esportiva-e-fair-play-o-fim-do-amadorismo-c5e9c6f2f40c,Postado,26/1/2026
content-calendar--134,134,[NEGÓCIOS] Patrocínio Esportivo: Do Modelo de Tabela à Engenharia de Soluções de Negócio,Post sobre o Artigo,Post,Instagram,Brain Sports,Instagram Brain Sports (Post),https://www.instagram.com/p/DTtDkK7EZur/?utm_source=ig_web_copy_link&igsh=MzRlODBiNWFlZA==,Postado,19/1/2026
content-calendar--135,135,[NEGÓCIOS] Patrocínio Esportivo: Do Modelo de Tabela à Engenharia de Soluções de Negócio,Story compartilhando o post,Story,Instagram,Lucas Oaigen,Instagram Lucas Oaigen (Story),,Postado,19/1/2026
content-calendar--136,136,[NEGÓCIOS] Patrocínio Esportivo: Do Modelo de Tabela à Engenharia de Soluções de Negócio,Podcast sobre o artigo completo,Podcast,Spotify,Brain Sports,Spotify Brain Sports (Podcast),https://open.spotify.com/episode/4LLVRxs6t0RcerqdkcrSQm?si=kcM4qFlaSsSpr3-bsr58lQ,Postado,19/1/2026
content-calendar--137,137,[NEGÓCIOS] Patrocínio Esportivo: Do Modelo de Tabela à Engenharia de Soluções de Negócio,Post do Artigo chamando pro artigo,Post,LinkedIn,Lucas Oaigen,LinkedIn Lucas Oaigen (Post),https://www.linkedin.com/posts/lucas-oaigen_patroc%C3%ADnio-esportivo-do-modelo-de-tabela-activity-7419096296659238913-5P-z?utm_source=share&utm_medium=member_desktop&rcm=ACoAAAIzx0UBphsTkJbkg4LsApngWkOema-KSk8,Postado,19/1/2026
content-calendar--138,138,[ENTREVISTA] Gestão Esportiva e Fair Play: O Fim do Amadorismo?,Shorts 1 - Gestão de Pessoas,Video Curto,Youtube,Lucas Oaigen,Youtube Lucas Oaigen (Video Curto),https://youtube.com/shorts/8b9tOj-VWCc?feature=share,Postado,26/1/2026
content-calendar--139,139,[ENTREVISTA] Gestão Esportiva e Fair Play: O Fim do Amadorismo?,Shorts 1 - Gestão de Pessoas,Video Curto,TikTok,Lucas Oaigen,TikTok Lucas Oaigen (Video Curto),https://www.tiktok.com/@lucasoaigen/video/7599683976105676040,Postado,26/1/2026
content-calendar--140,140,[ENTREVISTA] Gestão Esportiva e Fair Play: O Fim do Amadorismo?,Shorts 1 - Gestão de Pessoas,Video Curto,Instagram,Brain Sports,Instagram Brain Sports (Video Curto),https://www.instagram.com/reel/DUBfdKMkRWl/?utm_source=ig_web_copy_link&igsh=MzRlODBiNWFlZA==,Postado,27/1/2026
content-calendar--141,141,[ENTREVISTA] Gestão Esportiva e Fair Play: O Fim do Amadorismo?,Shorts 1 - Gestão de Pessoas,Story,Instagram,Lucas Oaigen,Instagram Lucas Oaigen (Story),,Postado,27/1/2026
content-calendar--142,142,[ENTREVISTA] Gestão Esportiva e Fair Play: O Fim do Amadorismo?,Shorts 1 - Gestão de Pessoas,Story,Instagram,Brain Sports,Instagram Brain Sports (Story),,Postado,26/1/2026
content-calendar--143,143,[ENTREVISTA] Gestão Esportiva e Fair Play: O Fim do Amadorismo?,Shorts 2 - Gestão Não Pode Depender de Uma Pessoa Só,Video Curto,Youtube,Lucas Oaigen,Youtube Lucas Oaigen (Video Curto),https://youtube.com/shorts/5nudnh7gfuE?feature=share,Postado,3/2/2026
content-calendar--144,144,[ENTREVISTA] Mais que um Jogo: 3 Formas Surpreendentes como a Inteligência Artificial está Reinventando o Futebol,Post sobre video completo,Post,Instagram,Brain Sports,Instagram Brain Sports (Post),https://www.instagram.com/p/DURO9a1kW32/?utm_source=ig_web_copy_link&igsh=MzRlODBiNWFlZA==,Postado,2/2/2026
content-calendar--145,145,[ENTREVISTA] Mais que um Jogo: 3 Formas Surpreendentes como a Inteligência Artificial está Reinventando o Futebol,Post sobre video completo,Post,LinkedIn,Lucas Oaigen,LinkedIn Lucas Oaigen (Post),https://www.linkedin.com/posts/lucas-oaigen_mais-que-um-jogo-3-formas-surpreendentes-activity-7424189299920752640-uyGf?utm_source=share&utm_medium=member_desktop&rcm=ACoAAAIzx0UBphsTkJbkg4LsApngWkOema-KSk8,Postado,2/2/2026
content-calendar--146,146,[ENTREVISTA] Mais que um Jogo: 3 Formas Surpreendentes como a Inteligência Artificial está Reinventando o Futebol,Podcast da Entrevista,Podcast,Spotify,Brain Sports,Spotify Brain Sports (Podcast),https://open.spotify.com/episode/6BXqIFWe0IYN04WXGSt8nq?si=ThkWQr2FS7GGk84yxUVLmg,Postado,2/2/2026
content-calendar--147,147,[ENTREVISTA] Mais que um Jogo: 3 Formas Surpreendentes como a Inteligência Artificial está Reinventando o Futebol,Compartilhar o link do VOD,Story,Instagram,Lucas Oaigen,Instagram Lucas Oaigen (Story),,Postado,2/2/2026
content-calendar--148,148,[ENTREVISTA] Gestão Esportiva e Fair Play: O Fim do Amadorismo?,Shorts 2 - Gestão Não Pode Depender de Uma Pessoa Só,Video Curto,Instagram,Brain Sports,Instagram Brain Sports (Video Curto),https://www.instagram.com/reel/DUTOadfE3d-/?utm_source=ig_web_copy_link&igsh=MzRlODBiNWFlZA==,Postado,3/2/2026
content-calendar--149,149,[ENTREVISTA] Gestão Esportiva e Fair Play: O Fim do Amadorismo?,Shorts 2 - Gestão Não Pode Depender de Uma Pessoa Só,Video Curto,TikTok,Lucas Oaigen,TikTok Lucas Oaigen (Video Curto),https://www.tiktok.com/@lucasoaigen/video/7602656663597894932,Postado,3/2/2026
content-calendar--150,150,[ENTREVISTA] Gestão Esportiva e Fair Play: O Fim do Amadorismo?,Shorts 2 - Gestão Não Pode Depender de Uma Pessoa Só,Story,Instagram,Lucas Oaigen,Instagram Lucas Oaigen (Story),,Postado,3/2/2026
content-calendar--151,151,"""[MARKETING] O que o show do intervalo do Super Bowl com Bad Bunny realmente revelou sobre esporte, música e política""","Artigo Completo - O que o show do intervalo do Super Bowl com Bad Bunny realmente revelou sobre esporte, música e política",Artigo,Medium,Lucas Oaigen,Medium Lucas Oaigen (Artigo),https://medium.com/@lucasleusin/o-que-o-show-do-intervalo-do-super-bowl-com-bad-bunny-realmente-revelou-sobre-esporte-m%C3%BAsica-e-a5cd2d625496,Postado,9/2/2026
content-calendar--152,152,"""[MARKETING] O que o show do intervalo do Super Bowl com Bad Bunny realmente revelou sobre esporte, música e política""",Posto Completo - Show do Intervalor Super Bowl,Post,LinkedIn,Lucas Oaigen,LinkedIn Lucas Oaigen (Post),https://www.linkedin.com/posts/lucas-oaigen_o-que-o-show-do-intervalo-do-super-bowl-national-activity-7426472922648801280-BKz-?utm_source=share&utm_medium=member_desktop&rcm=ACoAAAIzx0UBphsTkJbkg4LsApngWkOema-KSk8,Postado,9/2/2026
content-calendar--153,153,"""[MARKETING] O que o show do intervalo do Super Bowl com Bad Bunny realmente revelou sobre esporte, música e política""",,,,,(),,Planejado,
content-calendar--154,154,"""[MARKETING] O que o show do intervalo do Super Bowl com Bad Bunny realmente revelou sobre esporte, música e política""",Post com artigo completo do Show do Intervalo da NFL,Post,Instagram,Lucas Oaigen,Instagram Lucas Oaigen (Post),https://www.instagram.com/p/DUhepJbjHBb/?utm_source=ig_web_copy_link&igsh=MzRlODBiNWFlZA==,Postado,9/2/2026
content-calendar--155,155,[ENTREVISTA] Gestão Esportiva e Fair Play: O Fim do Amadorismo?,Shorts 3 - Fair Play Financeiro: As 4 Regras Que Mudam o Futebol Brasileiro,Video Curto,Youtube,Lucas Oaigen,Youtube Lucas Oaigen (Video Curto),https://youtube.com/shorts/Voe16E_d7wo?feature=share,Postado,13/2/2026
content-calendar--156,156,[ENTREVISTA] Gestão Esportiva e Fair Play: O Fim do Amadorismo?,Shorts 3 - Fair Play Financeiro: As 4 Regras Que Mudam o Futebol Brasileiro,Video Curto,TikTok,Lucas Oaigen,TikTok Lucas Oaigen (Video Curto),https://www.tiktok.com/@lucasoaigen/video/7605983849616559380,Postado,12/2/2026
content-calendar--157,157,[ENTREVISTA] Gestão Esportiva e Fair Play: O Fim do Amadorismo?,Shorts 3 - Fair Play Financeiro: As 4 Regras Que Mudam o Futebol Brasileiro,Video Curto,Instagram,Brain Sports,Instagram Brain Sports (Video Curto),https://www.instagram.com/reel/DUqSt7NE2Wf/?utm_source=ig_web_copy_link&igsh=MzRlODBiNWFlZA==,Postado,12/2/2026
content-calendar--158,158,[ENTREVISTA] Gestão Esportiva e Fair Play: O Fim do Amadorismo?,Shorts 3 - Fair Play Financeiro: As 4 Regras Que Mudam o Futebol Brasileiro,Story,Instagram,Lucas Oaigen,Instagram Lucas Oaigen (Story),,Postado,12/2/2026
content-calendar--159,159,"""[GESTÃO] O """"Camisa 10"""" Invisível: Por que a Gestão de Pessoas é o um dos Maiores Desafios do Futebol Brasileiro""","O ""Camisa 10"" Invisível: Por que a Gestão de Pessoas é o um dos Maiores Desafios do Futebol Brasileiro",Artigo,Medium,Lucas Oaigen,Medium Lucas Oaigen (Artigo),https://medium.com/@lucasleusin/o-camisa-10-invis%C3%ADvel-por-que-a-gest%C3%A3o-de-pessoas-%C3%A9-o-um-dos-maiores-desafios-do-futebol-933829ecef8f,Postado,24/2/2026
content-calendar--160,160,"""[GESTÃO] O """"Camisa 10"""" Invisível: Por que a Gestão de Pessoas é o um dos Maiores Desafios do Futebol Brasileiro""","O ""Camisa 10"" Invisível: Por que a Gestão de Pessoas é o um dos Maiores Desafios do Futebol Brasileiro",Post,LinkedIn,Lucas Oaigen,LinkedIn Lucas Oaigen (Post),https://www.linkedin.com/posts/lucas-oaigen_o-camisa-10-invis%C3%ADvel-activity-7432098475460206594-qFMt?utm_source=share&utm_medium=member_desktop&rcm=ACoAAAIzx0UBphsTkJbkg4LsApngWkOema-KSk8,Postado,24/2/2026
content-calendar--161,161,"""[GESTÃO] O """"Camisa 10"""" Invisível: Por que a Gestão de Pessoas é o um dos Maiores Desafios do Futebol Brasileiro""","O ""Camisa 10"" Invisível: Por que a Gestão de Pessoas é o um dos Maiores Desafios do Futebol Brasileiro",Podcast,Spotify,Brain Sports,Spotify Brain Sports (Podcast),https://open.spotify.com/episode/4cptVP2jQyhgopBanKHbmM?si=1_BbvuVsQiCDX7DVf5l8EA,Postado,24/2/2026
content-calendar--162,162,"""[GESTÃO] O """"Camisa 10"""" Invisível: Por que a Gestão de Pessoas é o um dos Maiores Desafios do Futebol Brasileiro""","O ""Camisa 10"" Invisível: Por que a Gestão de Pessoas é o um dos Maiores Desafios do Futebol Brasileiro",Post,Instagram,Brain Sports,Instagram Brain Sports (Post),https://www.instagram.com/p/DVJairLkVp8/?utm_source=ig_web_copy_link&igsh=MzRlODBiNWFlZA==,Postado,24/2/2026
content-calendar--163,163,[TECNOLOGIA] A Morte do Especialista: Como a IA transformou seu nível júnior na sua nova agência de marketing,A Morte do Especialista,Artigo,Medium,Lucas Oaigen,Medium Lucas Oaigen (Artigo),https://medium.com/@lucasleusin/a-morte-do-especialista-como-a-ia-transformou-seu-n%C3%ADvel-j%C3%BAnior-na-sua-nova-ag%C3%AAncia-de-marketing-882d7f610279,Postado,25/2/2026
content-calendar--164,164,[TECNOLOGIA] A Morte do Especialista: Como a IA transformou seu nível júnior na sua nova agência de marketing,A Morte do Especialista,Post,LinkedIn,Lucas Oaigen,LinkedIn Lucas Oaigen (Post),https://www.linkedin.com/posts/lucas-oaigen_marketing-e-ai-generativa-no-esporte-activity-7432775680204959744-GkRn?utm_source=share&utm_medium=member_desktop&rcm=ACoAAAIzx0UBphsTkJbkg4LsApngWkOema-KSk8,Postado,26/2/2026
content-calendar--165,165,[TECNOLOGIA] A Morte do Especialista: Como a IA transformou seu nível júnior na sua nova agência de marketing,A Morte do Especialista,Post,Instagram,Brain Sports,Instagram Brain Sports (Post),https://www.instagram.com/reel/DVOY5Q8k6vd/?utm_source=ig_web_copy_link&igsh=MzRlODBiNWFlZA==,Postado,26/2/2026
content-calendar--167,167,[TECNOLOGIA] A Morte do Especialista: Como a IA transformou seu nível júnior na sua nova agência de marketing,A Morte do Especialista,Podcast,Spotify,Brain Sports,Spotify Brain Sports (Podcast),https://open.spotify.com/episode/3uEii6lqVLBzFRBiv1escj?si=4n44E6KSS3yFRIfG2F6z7g,Postado,26/2/2026
content-calendar--168,168,"""[GESTÃO] O currículo morreu? Quase, ele está se tornando apenas um acessório irrelevante.""",O currículo morreu? Ainda não… mas está virando só um detalhe.,Artigo,Medium,Lucas Oaigen,Medium Lucas Oaigen (Artigo),https://medium.com/@lucasleusin/o-curr%C3%ADculo-morreu-ainda-n%C3%A3o-mas-est%C3%A1-virando-s%C3%B3-um-detalhe-1dd402e4d845,Postado,4/3/2026
content-calendar--169,169,"""[GESTÃO] O currículo morreu? Quase, ele está se tornando apenas um acessório irrelevante.""",O currículo morreu? Ainda não… mas está virando só um detalhe.,Post,Instagram,Brain Sports,Instagram Brain Sports (Post),https://www.instagram.com/p/DVduMm4DUb5/?utm_source=ig_web_copy_link&igsh=MzRlODBiNWFlZA==,Postado,4/3/2026
content-calendar--170,170,"""[GESTÃO] O currículo morreu? Quase, ele está se tornando apenas um acessório irrelevante.""","O currículo morreu? Quase, ele está se tornando apenas um acessório irrelevante.",Post,LinkedIn,Lucas Oaigen,LinkedIn Lucas Oaigen (Post),https://www.linkedin.com/posts/lucas-oaigen_the-post-cv-era-activity-7434955190094577664-GFGS?utm_source=share&utm_medium=member_desktop&rcm=ACoAAAIzx0UBphsTkJbkg4LsApngWkOema-KSk8,Postado,4/3/2026
content-calendar--171,171,"""[GESTÃO] O currículo morreu? Quase, ele está se tornando apenas um acessório irrelevante.""","O currículo morreu? Quase, ele está se tornando apenas um acessório irrelevante.",Story,Instagram,Lucas Oaigen,Instagram Lucas Oaigen (Story),,Postado,4/3/2026
content-calendar--172,172,"""[GESTÃO] O currículo morreu? Quase, ele está se tornando apenas um acessório irrelevante.""","O currículo morreu? Quase, ele está se tornando apenas um acessório irrelevante.",Podcast,Spotify,Brain Sports,Spotify Brain Sports (Podcast),https://open.spotify.com/episode/1Jwc9QHxxbGyOtgLcUm6eZ?si=8UJAlIl-SSe3y5g3tjvN-A,Postado,4/3/2026
